request_timestamp,x_start,y_start,x_end,y_end,rider_idx,trip_start_subblock_id,trip_end_subblock_id
430.725830078125,0.9671306014060971,0.507065534591674,0.21338462829589802,0.29219233989715504,0,14,1
478.1063232421875,0.631139457225799,0.15742361545562703,0.8379416465759271,0.347588241100311,0,8,13
483.8607177734375,0.516693353652954,0.872094690799713,0.43853539228439303,0.9614131450653071,0,11,7
584.5520629882812,0.007763683795928001,0.5867793560028071,0.41088902950286804,0.88555908203125,0,2,7
469.5927429199219,0.7812290191650391,0.055999279022216006,0.712639927864074,0.574126958847045,1,12,10
413.44757080078125,0.243633449077606,0.577089488506317,0.24274718761444003,0.07915323972702,2,2,0
414.18359375,0.314899861812591,0.688323140144348,0.904265522956848,0.296989917755126,5,6,13
334.19403076171875,0.7700037360191341,0.12392926216125401,0.5822376608848571,0.8863397240638731,5,12,11
440.03106689453125,0.014699399471282001,0.024207830429077003,0.581472754478454,0.311232089996337,7,0,9
533.3423461914062,0.113076150417327,0.39828872680664,0.49304819107055603,0.5101078152656551,9,1,6
542.9832763671875,0.6652120351791381,0.707899212837219,0.288037300109863,0.9902812242507931,11,10,7
586.3385620117188,0.12095105648040701,0.6463274359703061,0.812657296657562,0.33140057325363104,11,2,13
441.59417724609375,0.49148029088974,0.49274009466171204,0.189294934272766,0.019468605518341002,11,5,0
379.2084655761719,0.60129028558731,0.6072456836700441,0.36051404476165705,0.402271449565887,13,10,5
475.6894836425781,0.19968926906585602,0.494069397449493,0.485061109066009,0.819162905216217,13,1,7
452.9916687011719,0.711478054523468,0.831653714179992,0.089185535907745,0.136294245719909,13,11,0
369.98846435546875,0.43717396259307806,0.251617014408111,0.449083626270294,0.612928867340087,14,5,6
478.505126953125,0.464887619018554,0.372351467609405,0.39320111274719205,0.42579555511474604,16,5,5
450.733154296875,0.807741105556488,0.92328655719757,0.31583374738693204,0.7726641893386841,16,15,7
464.1095275878906,0.018804013729095,0.029960811138153003,0.37899374961853005,0.960650742053985,16,0,7
393.7039489746094,0.794687688350677,0.503619492053985,0.741557657718658,0.13703715801239,16,14,8
426.8287048339844,0.9467974901199341,0.8206481337547301,0.46988213062286305,0.34483259916305503,18,15,5
480.6639404296875,0.025526285171508,0.084187507629394,0.40307056903839106,0.762933433055877,18,0,7
520.2666625976562,0.157340288162231,0.894929766654968,0.352137863636016,0.461783289909362,18,3,5
403.7469177246094,0.9615899920463561,0.8830099105834961,0.33130353689193703,0.38092303276062,18,15,5
604.9414672851562,0.0037511587142940003,0.8527749180793761,0.9209096431732171,0.48288780450820906,18,3,13
480.46978759765625,0.206239700317382,0.6685015559196471,0.9460483193397521,0.398417592048645,19,2,13
526.4722290039062,0.34491699934005704,0.595951437950134,0.7484335303306581,0.055677533149719,19,6,8
537.759521484375,0.15359628200531,0.404499113559722,0.15615946054458602,0.6479061841964721,21,1,2
576.5718994140625,0.912774503231048,0.6674723625183101,0.503193497657775,0.287674784660339,21,14,9
502.87030029296875,0.77532947063446,0.23080682754516602,0.039938449859619,0.880603671073913,22,12,3
514.341552734375,0.947434365749359,0.159230232238769,0.190933763980865,0.346721112728118,23,12,1
400.60430908203125,0.48136353492736805,0.8165864348411561,0.9829776287078851,0.9259765148162841,24,7,15
389.978271484375,0.32922661304473805,0.21952009201049802,0.12193620204925501,0.197644174098968,24,4,0
438.4886474609375,0.035906791687011004,0.08116197586059501,0.332884311676025,0.045085132122039004,28,0,4
381.5101623535156,0.057850003242492,0.15933662652969302,0.45080065727233803,0.738340973854064,30,0,6
501.60711669921875,0.047174453735351,0.37816864252090404,0.054911315441131,0.43163102865219105,32,1,1
570.3150634765625,0.024778306484222003,0.70735102891922,0.8769335746765131,0.6473152041435241,32,2,14
466.0211181640625,0.33853071928024203,0.8106688857078551,0.73033183813095,0.8973262906074521,32,7,11
532.8048095703125,0.5451025962829591,0.443806767463684,0.42160427570343,0.30453085899353005,32,9,5
535.8799438476562,0.881008744239807,0.42378640174865706,0.9754585623741151,0.353631973266601,33,13,13
521.55078125,0.544585824012756,0.8777257204055781,0.105109691619873,0.8215636014938351,34,11,3
424.4859619140625,0.8900818228721611,0.7491376996040341,0.10362684726715,0.35672557353973305,34,14,1
362.8523254394531,0.657037138938903,0.47093379497528004,0.46698981523513705,0.34881335496902405,34,9,5
459.11309814453125,0.9803105592727661,0.8350037932395931,0.752038955688476,0.174481987953186,35,15,12
324.21624755859375,0.357991516590118,0.744681537151336,0.652426958084106,0.10316759347915601,35,6,8
510.3843994140625,0.023939073085784003,0.679167687892913,0.09317308664321901,0.7110662460327141,35,2,2
523.2376098632812,0.6087462306022641,0.6698002219200131,0.8935216665267941,0.17549157142639102,36,10,12
522.431640625,0.050212025642395006,0.9049574732780451,0.8911992311477661,0.09912425279617301,37,3,12
603.478759765625,0.44007647037506104,0.23321902751922602,0.259153306484222,0.280945897102355,38,4,5
462.59735107421875,0.6020513772964471,0.39775955677032404,0.15775519609451202,0.52736759185791,38,9,2
485.8822937011719,0.9751393795013421,0.286999583244323,0.9439738392829891,0.862179338932037,39,13,15
445.9765930175781,0.410884261131286,0.5860849022865291,0.9338350296020501,0.333426117897033,45,6,13
505.3271179199219,0.7106225490570061,0.370877087116241,0.700896322727203,0.9914029836654661,45,9,11
508.8103942871094,0.5196822285652161,0.6188673377037041,0.19024407863616902,0.45693618059158303,45,10,1
507.8091735839844,0.014348506927490002,0.105040669441223,0.115711450576782,0.6142116189002991,46,0,2
485.4620666503906,0.555153489112854,0.9415728449821471,0.049943804740905005,0.044352233409881,46,11,0
498.1154479980469,0.625399112701416,0.994527995586395,0.111347794532775,0.12921571731567302,46,11,0
473.1075439453125,0.07380622625350901,0.753957867622375,0.707380652427673,0.8891608119010921,47,3,11
500.23980712890625,0.081901490688323,0.9020669460296631,0.28547328710556,0.165890038013458,47,3,4
476.5307312011719,0.22805106639862002,0.09156012535095201,0.302297472953796,0.8682232499122621,47,0,7
338.32958984375,0.278210461139678,0.22984248399734403,0.19386172294616702,0.381383597850799,47,4,1
501.4892883300781,0.9939877390861511,0.898922085762023,0.203147053718566,0.072276413440704,48,15,0
459.84161376953125,0.186340153217315,0.49556088447570806,0.7198098897933961,0.415359079837799,55,1,9
544.442138671875,0.5686989426612851,0.9402226805686951,0.756737887859344,0.20105063915252602,58,11,12
548.434326171875,0.8217917084693901,0.5873981714248651,0.8618341684341431,0.9091005921363831,60,14,15
444.2742004394531,0.4514781832695,0.064937531948089,0.18674695491790702,0.28863900899887,61,4,1
493.29022216796875,0.979710578918457,0.967586934566497,0.2540984749794,0.018641948699951002,61,15,4
556.5659790039062,0.49283236265182406,0.6296261548995971,0.216467857360839,0.463210582733154,61,6,1
520.5169067382812,0.9528725743293761,0.9408101439476011,0.482546329498291,0.047300934791564005,63,15,4
544.1776733398438,0.45523804426193204,0.47236561775207503,0.34545511007308904,0.023803234100341002,63,5,4
407.58544921875,0.251182675361633,0.58670973777771,0.7509247064590451,0.141188621520996,63,6,12
473.1883239746094,0.627363264560699,0.61781632900238,0.891878247261047,0.34090137481689403,68,10,13
526.9425048828125,0.33651632070541304,0.10057908296585001,0.11981189250946,0.138811647891998,70,4,0
452.29168701171875,0.9220166206359861,0.523930251598358,0.7385207414627071,0.5229114890098571,73,14,10
540.367431640625,0.18994003534317003,0.349072158336639,0.7897296547889711,0.43887060880661005,73,1,13
545.1755981445312,0.627365946769714,0.48654365539550704,0.5747961997985841,0.31469905376434304,80,9,9
578.857666015625,0.5000981688499451,0.19468355178833002,0.10135620832443201,0.837587237358093,82,8,3
470.627197265625,0.341316819190979,0.336594581604003,0.255157053470611,0.46140074729919406,82,5,5
456.0820617675781,0.19363903999328602,0.546755075454711,0.981610536575317,0.856471717357635,82,2,15
477.5938720703125,0.15068006515502902,0.389553666114807,0.5859655737876891,0.31260693073272705,82,1,9
431.7919921875,0.0004802942276,0.6905444860458371,0.07522976398468001,0.615302741527557,83,2,2
430.59918212890625,0.36587029695510803,0.15004897117614702,0.8574121594429011,0.22558408975601102,84,4,12
528.8548583984375,0.46511179208755404,0.129096865653991,0.6328931450843811,0.48234832286834706,87,4,9
397.109130859375,0.480599880218505,0.46229469776153503,0.373422384262084,0.47943139076232905,88,5,5
406.22406005859375,0.717167973518371,0.13634026050567602,0.794402480125427,0.9024778604507441,88,8,15
488.8094787597656,0.46189653873443604,0.977754354476928,0.16038185358047402,0.6586506962776181,92,7,2
447.07720947265625,0.8124089837074281,0.7082471251487731,0.39798563718795704,0.382059097290039,92,14,5
371.7020568847656,0.8126637935638421,0.772673368453979,0.7058420777320861,0.8711811304092401,93,15,11
377.0597839355469,0.06462323665618801,0.966340601444244,0.9207486510276791,0.44209015369415205,93,3,13
493.5908203125,0.505248844623565,0.005209267139434,0.42210704088211004,0.6342812180519101,93,8,6
448.89361572265625,0.7592648267745971,0.9370988607406611,0.11220479011535602,0.331173837184906,93,15,1
583.7426147460938,0.9263892173767091,0.37199580669403004,0.9185483455657951,0.7566448450088501,93,13,15
444.5657958984375,0.9335694313049311,0.8703956604003901,0.32870477437973,0.193997144699096,95,15,4
430.73468017578125,0.597724437713623,0.650409638881683,0.19199371337890603,0.8105564117431641,95,10,3
437.29888916015625,0.5405895113945001,0.425681054592132,0.893043279647827,0.45593154430389404,95,9,13
493.6598815917969,0.671327829360961,0.38970857858657804,0.138483107089996,0.703484416007995,95,9,2
419.2838439941406,0.027579486370086004,0.311829328536987,0.16701400279998702,0.7146417498588561,95,1,2
463.31671142578125,0.299674272537231,0.425886034965515,0.37662190198898304,0.454790651798248,95,5,5
409.9915771484375,0.720422029495239,0.19209212064743,0.8286104798316951,0.541613757610321,95,8,14
513.9071044921875,0.055960357189178,0.6007448434829711,0.7592754960060121,0.7421547770500181,95,2,14
407.9664306640625,0.907261788845062,0.5043149590492241,0.590685963630676,0.017638683319091002,95,14,8
556.1832275390625,0.13582772016525202,0.7205237746238701,0.8393788337707521,0.190116763114929,96,2,12
554.0806274414062,0.296018719673156,0.882742643356323,0.496879875659942,0.476836562156677,96,7,5
547.1314086914062,0.789591073989868,0.611057758331298,0.63761168718338,0.11516964435577301,96,14,8
500.1075134277344,0.28520369529724104,0.014128148555755001,0.08537536859512301,0.22335058450698803,96,4,0
325.7772521972656,0.877837479114532,0.82220321893692,0.797557055950164,0.015908658504486,97,15,12
503.9530029296875,0.06854879856109601,0.6614688634872431,0.611649334430694,0.134928524494171,98,2,8
537.4229125976562,0.41042542457580505,0.34071362018585205,0.001808404922485,0.909070312976837,100,5,3
467.23785400390625,0.5908520817756651,0.061855733394622005,0.8681122064590451,0.5838299989700311,100,8,14
563.383056640625,0.110023081302642,0.06979280710220301,0.070854842662811,0.41126549243927,104,0,1
556.0452880859375,0.755692780017852,0.8088878989219661,0.228226780891418,0.10980308055877601,104,15,0
421.5937805175781,0.8457321524620051,0.724841594696044,0.43516945838928206,0.7227045893669121,110,14,6
432.7410583496094,0.289825201034545,0.31931293010711603,0.949376344680786,0.47159379720687805,110,5,13
469.99871826171875,0.410140812397003,0.325071454048156,0.5469981431961061,0.49524605274200406,110,5,9
500.5267333984375,0.12682086229324302,0.34364938735961903,0.8396836519241331,0.17609500885009702,112,1,12
490.51580810546875,0.7472174167633051,0.7822444438934321,0.20891016721725403,0.6352522969245911,112,11,2
542.7359008789062,0.9050692915916441,0.21835744380950903,0.5846888422966,0.071695029735565,112,12,8
553.1448364257812,0.666226327419281,0.20646721124649,0.8503892421722411,0.6586232185363771,113,8,14
508.60150146484375,0.8982634544372551,0.942088305950164,0.003924965858459,0.319415032863616,113,15,1
567.0201416015625,0.31905221939086903,0.8648045063018791,0.22039622068405101,0.33350753784179604,113,7,1
395.4187316894531,0.487549901008605,0.859821081161499,0.543451368808746,0.223316252231597,113,7,8
521.1468505859375,0.6674002408981321,0.7964876890182491,0.9372556209564201,0.127746522426605,113,11,12
425.97259521484375,0.110432267189025,0.5663103461265561,0.47360253334045405,0.036601841449737,113,2,4
512.1546020507812,0.490500092506408,0.903350234031677,0.27577781677246,0.324429154396057,115,7,5
427.50274658203125,0.5035017728805541,0.451594293117523,0.572165787220001,0.0009126067161560001,115,9,8
426.7549743652344,0.9560528993606561,0.8818138241767881,0.915878355503082,0.383747339248657,115,15,13
494.29754638671875,0.8377436995506281,0.9309061169624321,0.07412588596343901,0.5971660614013671,115,15,2
451.57550048828125,0.6788896322250361,0.8899073600769041,0.39366596937179504,0.5579396486282341,115,11,6
457.4652404785156,0.06538581848144501,0.181469678878784,0.805674970149993,0.148382544517517,115,0,12
520.9080200195312,0.935393691062927,0.35285824537277205,0.09568655490875201,0.05544263124465901,121,13,0
489.22894287109375,0.6686904430389401,0.6321747303009031,0.67491191625595,0.23502504825592002,122,10,8
435.0763854980469,0.7252010703086851,0.38636815547943104,0.047198712825775,0.18592727184295602,123,9,0
403.3864440917969,0.377142786979675,0.23462009429931602,0.011317253112792,0.9770650863647461,127,4,3
417.3770751953125,0.337529480457305,0.8560743927955621,0.490755558013916,0.010645687580108,128,7,4
429.66070556640625,0.8991729617118831,0.362430691719055,0.23069977760314903,0.12608653306961,129,13,0
569.1690673828125,0.838530540466308,0.30991363525390603,0.431772232055664,0.37201207876205405,129,13,5
512.0352783203125,0.8536354899406431,0.24932736158370902,0.16325193643569902,0.690332114696502,130,12,2
465.9716796875,0.207578957080841,0.120539128780364,0.055474162101745,0.721457421779632,130,0,2
432.5426330566406,0.8167428970336911,0.750643014907836,0.891134679317474,0.6469178795814511,130,15,14
446.9765930175781,0.009073972702026001,0.32909792661666804,0.7920870780944821,0.813922405242919,130,1,15
399.6536560058594,0.5954765677452081,0.307145178318023,0.48492139577865606,0.43949532508850103,130,9,5
426.8419494628906,0.559028387069702,0.656787157058715,0.385543406009674,0.107303500175476,132,10,4
385.63787841796875,0.8777804970741271,0.30202996730804405,0.15546935796737602,0.6561735868453981,132,13,2
505.5787658691406,0.90796947479248,0.249196648597717,0.294833123683929,0.8132438659667961,132,12,7
534.243408203125,0.37163335084915106,0.7851794362068171,0.9922565817832941,0.532392740249633,132,7,14
468.32586669921875,0.918347537517547,0.6059221625328061,0.978034853935241,0.661816716194152,137,14,14
411.344482421875,0.856383442878723,0.617922246456146,0.5366554260253901,0.46348887681961004,139,14,9
436.62799072265625,0.6498702764511101,0.9299424886703491,0.5938289165496821,0.689130663871765,139,11,10
509.73828125,0.473590791225433,0.799542903900146,0.162523865699768,0.650717735290527,145,7,2
461.93646240234375,0.7672787904739381,0.6066598892211911,0.6458445787429811,0.047665834426879,145,14,8
385.3570556640625,0.19964832067489602,0.694463312625885,0.47986686229705805,0.08352506160736001,145,2,4
518.8432006835938,0.361153304576873,0.561615228652954,0.00542390346527,0.290327548980712,149,6,1
420.126708984375,0.864265024662017,0.055395543575286005,0.88495934009552,0.6656278967857361,149,12,14
544.8795166015625,0.779152452945709,0.828399121761322,0.873137295246124,0.342275321483612,152,15,13
578.6768188476562,0.652819812297821,0.41657251119613603,0.179346799850463,0.48091709613800004,152,9,1
511.1800537109375,0.826864302158355,0.9763944149017331,0.20786827802658,0.5051751732826231,152,15,2
472.52703857421875,0.46216958761215204,0.255211651325225,0.13240551948547302,0.55839866399765,152,5,2
508.3813171386719,0.19878619909286502,0.33978331089019703,0.47653537988662703,0.621826231479644,152,1,6
468.0652770996094,0.12419056892395001,0.38106358051300004,0.966768145561218,0.9258738756179811,152,1,15
518.40966796875,0.5483293533325191,0.081758916378021,0.525373876094818,0.9392510056495661,153,8,11
539.23388671875,0.6304771900177001,0.550503969192504,0.102371096611022,0.09031683206558201,154,10,0
443.54937744140625,0.302546739578247,0.075462281703948,0.629471838474273,0.055809795856475004,154,4,8
499.3764953613281,0.07644629478454501,0.757856011390686,0.11004233360290501,0.299234330654144,155,3,1
438.3525390625,0.49783861637115406,0.6123029589653011,0.8824418187141411,0.35789501667022705,155,6,13
428.115234375,0.289308726787567,0.377824008464813,0.742830336093902,0.02550184726715,156,5,8
452.63800048828125,0.883677423000335,0.43721908330917303,0.8112571239471431,0.8718717694282531,157,13,15
507.1087951660156,0.585199475288391,0.41336792707443204,0.481035530567169,0.6156684160232541,157,9,6
556.511962890625,0.7016444802284241,0.21428471803665103,0.793989181518554,0.619925737380981,159,8,14
317.8880920410156,0.35775065422058105,0.49359738826751703,0.192922353744506,0.207636535167694,159,5,0
372.60400390625,0.548744976520538,0.5095025897026061,0.9186512827873231,0.39297765493392905,162,10,13
518.4574584960938,0.9002078771591181,0.07069128751754701,0.10751944780349701,0.9770310521125791,162,12,3
524.9219970703125,0.22808909416198703,0.5925940275192261,0.023597061634063003,0.445535480976104,162,2,1
482.9066162109375,0.620732486248016,0.031543433666229005,0.8977698087692261,0.6903026103973381,162,8,14
544.2804565429688,0.591842889785766,0.14790719747543302,0.930985331535339,0.9335022568702691,163,8,15
488.9465637207031,0.9141152501106261,0.8937488198280331,0.366433978080749,0.031980633735656,163,15,4
445.3913269042969,0.0056813955307,0.907039821147918,0.46473687887191706,0.08678281307220401,169,3,4
427.8860168457031,0.619791507720947,0.16714018583297702,0.6445122957229611,0.43212115764617903,169,8,9
431.2809753417969,0.526342451572418,0.9570116996765131,0.779886901378631,0.45571744441986006,169,11,13
421.8758239746094,0.372643172740936,0.341957688331604,0.911246180534362,0.46728432178497303,169,5,13
365.7463073730469,0.5808477401733391,0.784386873245239,0.30983817577362005,0.962143838405609,169,11,7
498.7666015625,0.6957605481147761,0.977504909038543,0.29451453685760504,0.305222928524017,170,11,5
575.564208984375,0.339336931705474,0.250087440013885,0.834777176380157,0.363288104534149,172,5,13
450.262451171875,0.033856511116027,0.424055397510528,0.397682428359985,0.66722571849823,172,1,6
440.3900451660156,0.14702296257019,0.6658687591552731,0.738086402416229,0.760331332683563,173,2,11
476.5568542480469,0.6451307535171501,0.8195895552635191,0.610769152641296,0.45191043615341103,173,11,9
387.3363037109375,0.443877518177032,0.7113686800003051,0.612349212169647,0.18281352519989003,174,6,8
433.3028259277344,0.37051147222518904,0.258268594741821,0.7059082984924311,0.38481861352920504,176,5,9
487.8220520019531,0.48565864562988204,0.347295105457305,0.28493881225585904,0.693250179290771,178,5,6
475.30279541015625,0.6217989325523371,0.9845838546752931,0.06977027654647801,0.7286331653594971,178,11,2
403.1180114746094,0.11815381050109801,0.832430243492126,0.59352821111679,0.63482528924942,180,3,10
378.34796142578125,0.9733257293701171,0.13643193244934002,0.096885621547698,0.551371335983276,180,12,2
494.8392333984375,0.021697282791137,0.482704520225524,0.22596251964569003,0.44772619009017905,183,1,1
457.7330627441406,0.8950622081756591,0.231549203395843,0.9665924310684201,0.7534795999526971,183,12,15
371.6401672363281,0.062117099761962,0.554587244987487,0.8034864068031311,0.700102865695953,183,2,14
413.7310485839844,0.273469448089599,0.9221917390823361,0.737997949123382,0.796952188014984,183,7,11
500.659423828125,0.5722771883010861,0.22884458303451502,0.8945899009704591,0.326185703277587,183,8,13
546.941650390625,0.673011660575866,0.032031536102294006,0.7092264890670771,0.002696633338928,184,8,8
515.7378540039062,0.9892807602882381,0.6040402054786681,0.346705377101898,0.37546157836914,185,14,5
406.69317626953125,0.08312296867370601,0.6330821514129631,0.849891483783721,0.6875235438346861,185,2,14
465.49237060546875,0.5829281806945801,0.771910965442657,0.8066557645797731,0.6102660894393921,185,11,14
517.8629150390625,0.593821465969085,0.933717250823974,0.695869207382202,0.145259499549865,185,11,8
422.4140319824219,0.33474630117416304,0.372258782386779,0.847522556781768,0.578520715236663,186,5,14
379.75408935546875,0.932167053222656,0.9984354376792901,0.9476377964019771,0.926848411560058,188,15,15
570.0929565429688,0.063908994197845,0.325934410095214,0.682075321674346,0.9363739490509031,188,1,11
455.2432861328125,0.11060553789138701,0.227749049663543,0.46346634626388505,0.219174265861511,188,0,4
459.54888916015625,0.12252461910247801,0.9719191789627071,0.624631166458129,0.180363655090332,189,3,8
603.5780029296875,0.417885184288024,0.8348254561424251,0.5406225323677061,0.162022352218627,193,7,8
473.805419921875,0.155588865280151,0.382487714290618,0.9185377359390251,0.760286331176757,194,1,15
449.3065490722656,0.952840983867645,0.9530223011970521,0.16753673553466703,0.022368848323822,194,15,0
482.3667297363281,0.30665761232376104,0.06328535079956,0.6512008905410761,0.805421590805053,201,4,11
465.9330139160156,0.263981997966766,0.8108721971511841,0.073269605636596,0.060381948947906,206,7,0
546.8851928710938,0.710262656211853,0.09008860588073701,0.9976778626441951,0.174563765525817,207,8,12
505.6618957519531,0.042659699916839,0.7177596092224121,0.774426937103271,0.996001362800598,211,2,15
555.4225463867188,0.46627581119537304,0.7351191043853761,0.298516869544982,0.7464441657066341,213,6,6
500.103759765625,0.7994583249092101,0.6196544766426081,0.593474149703979,0.5814628601074211,213,14,10
439.0331726074219,0.46644353866577104,0.067298591136932,0.11409932374954201,0.43460935354232705,214,4,1
538.8233032226562,0.305407524108886,0.6642986536026001,0.805508494377136,0.40955209732055603,214,6,13
550.5775756835938,0.7262718677520751,0.9578855633735651,0.371692895889282,0.6906640529632561,216,11,6
438.6679382324219,0.41871511936187705,0.5490452647209161,0.822214663028717,0.8504197001457211,216,6,15
399.0345153808594,0.8938608765602111,0.41713851690292303,0.143296599388122,0.7715188264846801,216,13,3
482.5790100097656,0.43511581420898404,0.8777257204055781,0.004533350467681,0.39717394113540605,216,7,1
583.6282958984375,0.292089343070983,0.859338402748107,0.12902694940567,0.8243492245674131,217,7,3
453.84381103515625,0.065877676010131,0.23997414112091,0.9444889426231381,0.093904316425323,217,0,12
448.8294982910156,0.44340938329696605,0.20774620771408,0.357823848724365,0.637392282485961,218,4,6
537.6923828125,0.7517766356468201,0.9797088503837581,0.6716011762619011,0.23200649023056003,218,15,8
445.5250549316406,0.8533158898353571,0.8610045313835141,0.821440517902374,0.538685500621795,218,15,14
501.7942199707031,0.7538409829139711,0.5427865386009211,0.558106899261474,0.9086551070213311,219,14,11
441.27557373046875,0.529219508171081,0.148374140262603,0.15296995639801,0.8058759570121761,219,8,3
500.52166748046875,0.41143542528152405,0.037035405635833005,0.5324470996856691,0.241529703140258,221,4,8
557.152099609375,0.31831961870193404,0.6446926593780511,0.287447929382324,0.683146595954895,221,6,6
383.6153259277344,0.24321138858795102,0.22452640533447202,0.044029355049133,0.06936246156692501,221,0,0
429.43475341796875,0.696879029273986,0.114466845989227,0.124701678752899,0.26186740398406905,221,8,1
487.5098876953125,0.28911834955215404,0.5183029770851131,0.55810546875,0.9628418684005731,222,6,11
502.5520935058594,0.105037569999694,0.5442100167274471,0.098099410533905,0.8146061897277831,222,2,3
348.17205810546875,0.8307895064353941,0.298296928405761,0.628802835941314,0.822860777378082,225,13,11
410.11614990234375,0.399802029132843,0.53060233592987,0.43362069129943803,0.588181853294372,228,6,6
560.8714599609375,0.26723563671112,0.713986277580261,0.48993456363677906,0.8471736907958981,228,6,7
503.33416748046875,0.310935258865356,0.119555234909057,0.389377415180206,0.10060507059097201,230,4,4
548.8740234375,0.685759246349334,0.35514837503433205,0.736571371555328,0.9815289378166191,230,9,11
540.1329345703125,0.411641776561737,0.009115517139434001,0.226069927215576,0.613885521888732,233,4,2
482.8443603515625,0.526971161365509,0.529518723487854,0.6972774863243101,0.7787311077117921,234,10,11
536.85693359375,0.43216788768768305,0.8975607752799981,0.087222635746002,0.7705523967742921,235,7,3
507.0086669921875,0.387385606765747,0.9040587544441221,0.068687081336975,0.34318000078201205,235,7,1
479.0567932128906,0.735911190509796,0.39739030599594105,0.570259749889373,0.5256102681159971,235,9,10
439.5261535644531,0.13871365785598702,0.48597192764282204,0.49312371015548706,0.975327372550964,236,1,7
616.559326171875,0.436099827289581,0.969820201396942,0.125382125377655,0.130941033363342,238,7,0
543.2987060546875,0.167546391487121,0.521487116813659,0.10851269960403401,0.9967241287231441,238,2,3
476.0450744628906,0.994114756584167,0.926670670509338,0.797859251499176,0.6680362224578851,242,15,14
561.5936889648438,0.028717458248138,0.8110722899436951,0.031215369701385002,0.6042539477348321,243,3,2
385.8504943847656,0.9845005869865411,0.536509454250335,0.37778824567794805,0.31261134147644004,245,14,5
435.0058898925781,0.49606055021286005,0.9974989295005791,0.5860573053359981,0.265895128250122,247,7,9
1125.3907470703125,0.826375842094421,0.057688295841217006,0.622929155826568,0.6987667679786681,252,12,10
1170.28369140625,0.008547246456146,0.38799953460693304,0.702140033245086,0.55547034740448,252,1,10
1101.8271484375,0.609102308750152,0.226130306720733,0.837323546409606,0.10426253080368,255,8,12
1024.1436767578125,0.6022046208381651,0.291301250457763,0.220244467258453,0.825868308544158,255,9,3
1034.5643310546875,0.718716442584991,0.038339078426361,0.7862660884857171,0.9560769200325011,261,8,15
1098.111572265625,0.57974487543106,0.17345654964447002,0.9482740759849541,0.8340488672256471,261,8,15
1060.754638671875,0.9416697621345521,0.126949548721313,0.5790138840675351,0.9652612805366511,261,12,11
1050.6915283203125,0.446681261062622,0.48547267913818304,0.7273596525192261,0.8597774505615231,263,5,11
961.0379028320312,0.9724846482276911,0.46084713935852,0.508830428123474,0.47271239757537803,263,13,9
1180.27001953125,0.623841762542724,0.7503635883331291,0.291771531105041,0.733755528926849,263,11,6
1158.3154296875,0.48564958572387606,0.75280088186264,0.9801521897315971,0.8672270178794861,263,7,15
1047.28955078125,0.008302509784698,0.27545225620269703,0.8846219182014461,0.9203904867172241,263,1,15
1092.9918212890625,0.601775348186492,0.5510516166687011,0.639397859573364,0.7330611944198601,263,10,10
1069.1192626953125,0.422816753387451,0.06139636039733801,0.591480314731597,0.7672176957130431,265,4,11
1133.802978515625,0.412888288497924,0.34400010108947704,0.46090441942214905,0.115970134735107,265,5,4
1043.1785888671875,0.495597958564758,0.828909516334533,0.437416315078735,0.449512481689453,265,7,5
977.7381591796875,0.5974519848823541,0.269793391227722,0.574293375015258,0.45560121536254805,265,9,9
1134.1947021484375,0.574049174785614,0.266290247440338,0.58190506696701,0.144073903560638,267,9,8
1107.80908203125,0.9030747413635251,0.527620553970336,0.41922169923782304,0.9856660962104791,267,14,7
1009.847412109375,0.894958019256591,0.533959209918975,0.136890113353729,0.08374035358428901,270,14,0
1007.4797973632812,0.40221118927001903,0.623904168605804,0.513338804244995,0.966587424278259,270,6,11
1044.9541015625,0.29821103811264005,0.7929062843322751,0.345895290374755,0.296018779277801,271,7,5
1170.725341796875,0.637526094913482,0.647843897342681,0.09103089570999101,0.291485965251922,273,10,1
1168.93017578125,0.966707468032836,0.22451740503311102,0.11854320764541601,0.5348550081253051,273,12,2
1105.40283203125,0.9117136597633361,0.08101612329483,0.565340161323547,0.8319959640502931,273,12,11
1094.4649658203125,0.180827558040618,0.39243870973587003,0.9630437493324281,0.24997580051422102,273,1,12
1098.0059814453125,0.281111240386962,0.823180019855499,0.274706840515136,0.33797979354858404,279,7,5
1149.6622314453125,0.07363486289978001,0.46574312448501504,0.40820223093032804,0.8279346227645871,281,1,7
1089.4461669921875,0.788213074207305,0.742320477962493,0.18628150224685602,0.9294446110725401,281,14,3
1047.5225830078125,0.36373370885849,0.39403194189071605,0.23104661703109702,0.954000651836395,282,5,3
991.5424194335938,0.624788761138916,0.282914459705352,0.825757682323455,0.38698703050613403,283,9,13
1024.7635498046875,0.34375870227813704,0.8271853923797601,0.7448487877845761,0.9465106725692741,283,7,11
1052.440185546875,0.7944488525390621,0.8311008810997,0.545265018939971,0.24541532993316603,284,15,8
1081.0048828125,0.966091096401214,0.6986372470855711,0.5432468056678771,0.8179107308387751,285,14,11
1018.552490234375,0.7987454533576961,0.053824663162231,0.138756990432739,0.670778274536132,285,12,2
1043.50634765625,0.14982485771179202,0.44880986213684004,0.09797477722167901,0.52800840139389,286,1,2
1179.828369140625,0.674044549465179,0.150698244571685,0.23137420415878202,0.9829999208450311,287,8,3
1141.1239013671875,0.6276646852493281,0.394695997238159,0.970776855945587,0.035805761814117,290,9,12
964.9007568359375,0.285629153251647,0.00013256072998000002,0.624599158763885,0.6147999763488771,290,4,10
1076.9212646484375,0.380458235740661,0.368971049785614,0.17137080430984403,0.7315843701362611,291,5,2
1102.1143798828125,0.937213242053985,0.322336196899414,0.615520179271698,0.257150530815124,292,13,9
1146.7392578125,0.6392222046852111,0.6393603682518001,0.17587518692016602,0.6796824336051941,292,10,2
1117.2401123046875,0.184859991073608,0.034751772880554005,0.8874897360801691,0.9987018704414361,293,0,15
1035.89111328125,0.15528517961502,0.472213208675384,0.12516176700592002,0.330568611621856,296,1,1
1213.80810546875,0.242785930633544,0.110043883323669,0.404670774936676,0.5089484453201291,297,0,6
1102.7105712890625,0.44419920444488503,0.659162461757659,0.079922437667846,0.29634708166122403,299,6,1
1132.1422119140625,0.42930203676223705,0.327672839164733,0.5017379522323601,0.48350423574447604,299,5,9
1049.1815185546875,0.21020919084548903,0.642055869102478,0.5339804291725151,0.146513521671295,299,2,8
1048.8282470703125,0.38247191905975303,0.15662604570388702,0.42297637462615906,0.46328032016754106,301,4,5
1085.2108154296875,0.59238988161087,0.19898325204849202,0.39958190917968706,0.8527426719665521,305,8,7
1067.9715576171875,0.49167442321777305,0.9007772803306581,0.15072309970855702,0.66686600446701,306,7,2
1058.7054443359375,0.43200713396072304,0.17342531681060702,0.74668401479721,0.537761569023132,309,4,10
1111.190185546875,0.5319419503211971,0.286063313484191,0.655209362506866,0.449573397636413,310,9,9
1010.650146484375,0.9892045855522151,0.43430274724960305,0.064214766025543,0.9541473388671871,310,13,3
1023.1675415039062,0.255542993545532,0.326414406299591,0.7884305715560911,0.8689049482345581,310,5,15
1110.5650634765625,0.073646187782287,0.529243767261505,0.434511482715606,0.008457005023956,310,2,4
1131.43017578125,0.162051618099212,0.6932908892631531,0.24002867937088002,0.8051674365997311,310,2,3
1110.4931640625,0.07753306627273501,0.255282521247863,0.7692427635192871,0.794593274593353,310,1,15
1062.5712890625,0.51554661989212,0.532373249530792,0.6465658545494081,0.161805391311645,315,10,8
1153.67724609375,0.314365088939666,0.26196610927581704,0.9484033584594721,0.9721937775611871,315,5,15
1045.322998046875,0.9182307124137871,0.702564001083374,0.7976711392402641,0.17347520589828402,320,14,12
1130.8118896484375,0.037349641323089,0.983572483062744,0.120356023311614,0.13355153799057,323,3,0
1085.195556640625,0.44143384695053106,0.181139767169952,0.931983649730682,0.6100969314575191,324,4,14
1021.338134765625,0.24330377578735302,0.5306659936904901,0.9358938336372371,0.31694656610488803,324,2,13
1022.1839599609375,0.142255365848541,0.8786662220954891,0.27664363384246804,0.273164331912994,327,3,5
1042.7869873046875,0.270848870277404,0.920750200748443,0.048803031444549005,0.5833886861801141,327,7,2
1132.9871826171875,0.35777211189270003,0.625005722045898,0.15566891431808402,0.412498712539672,327,6,1
1023.1287231445312,0.9759689569473261,0.39154779911041204,0.396189749240875,0.564016282558441,328,13,6
997.8670043945312,0.339567601680755,0.285978496074676,0.9602562785148621,0.8205404281616211,328,5,15
1025.121826171875,0.44147074222564703,0.250831723213195,0.9868997335433961,0.12419450283050501,328,5,12
1064.3377685546875,0.990424990653991,0.9416004419326781,0.6674121022224421,0.7231807708740231,328,15,10
1162.2684326171875,0.45354527235031106,0.9539994597434991,0.802197635173797,0.281356751918792,328,7,13
1056.9473876953125,0.22092717885971003,0.8913133740425111,0.48842060565948403,0.122764468193054,328,3,4
1079.51123046875,0.44485074281692505,0.49209499359130804,0.25828450918197604,0.47292542457580505,328,5,5
1029.016845703125,0.75089430809021,0.49273747205734203,0.839074075222015,0.424251019954681,329,13,13
972.9524536132812,0.6446541547775261,0.338183283805847,0.543052017688751,0.349222362041473,330,9,9
1018.757568359375,0.733411312103271,0.8033252954483031,0.12562316656112602,0.036962747573852005,335,11,0
1021.6818237304688,0.783249616622924,0.6381260752677911,0.36647880077362005,0.859515786170959,336,14,7
1095.1038818359375,0.495168030261993,0.723972678184509,0.46972000598907404,0.35310649871826105,336,6,5
1210.119140625,0.32923775911331105,0.267958164215087,0.15717673301696702,0.380346834659576,338,5,1
1007.4449462890625,0.741287946701049,0.40130752325057906,0.39102184772491405,0.9587968587875361,338,9,7
1040.374267578125,0.6019068956375121,0.9815433621406551,0.307867765426635,0.33952510356903004,339,11,5
1124.1739501953125,0.260679125785827,0.20170599222183203,0.476395666599273,0.48607963323593106,341,4,5
1002.2244873046875,0.293460547924041,0.887495160102844,0.14626795053482,0.822600424289703,341,7,3
1158.6658935546875,0.6590081453323361,0.46955895423889105,0.888041615486145,0.31599074602127003,341,9,13
1049.75146484375,0.5638461112976071,0.9487085938453671,0.46658730506896906,0.18029105663299502,341,11,4
1121.18896484375,0.40331494808197005,0.37141597270965504,0.36861079931259105,0.813591718673706,341,5,7
1136.728759765625,0.17399346828460602,0.05825537443161,0.16995203495025601,0.821939945220947,341,0,3
1120.83056640625,0.287811398506164,0.135927081108093,0.189323782920837,0.712972819805145,341,4,2
1090.434814453125,0.671189188957214,0.676466166973114,0.317777574062347,0.9145019054412841,341,10,7
1117.4365234375,0.894208133220672,0.9753113389015191,0.438606619834899,0.612390160560607,344,15,6
1115.7864990234375,0.911175847053527,0.21486902236938402,0.015384376049041,0.37626951932907104,344,12,1
967.1135864257812,0.6002181768417351,0.832360446453094,0.021457850933074,0.239328265190124,344,11,0
1159.5203857421875,0.8219137787818901,0.752676904201507,0.933834671974182,0.6581840515136711,344,15,14
1123.4288330078125,0.16312509775161702,0.7845001220703121,0.34057104587554904,0.6073225140571591,345,3,6
1121.5706787109375,0.40316110849380404,0.27626371383666903,0.701728641986846,0.5142030715942381,346,5,10
1058.4432373046875,0.22178101539611803,0.191307604312896,0.32533854246139504,0.926815211772918,346,0,7
1056.6123046875,0.559225380420684,0.037197828292846,0.367758691310882,0.594820797443389,348,8,6
1088.293212890625,0.29432076215744,0.34372466802597,0.425757110118865,0.299737572669982,351,5,5
1062.7298583984375,0.9412813782691951,0.418358087539672,0.121099829673767,0.04982775449752801,355,13,0
1063.008544921875,0.757900059223175,0.8187952637672421,0.45416307449340804,0.268450736999511,357,15,5
1100.236572265625,0.9949420094490051,0.49172693490982006,0.36532771587371804,0.195473968982696,358,13,4
1042.2252197265625,0.525287866592407,0.9390487074851991,0.24631112813949502,0.034547567367553,359,11,0
1101.715576171875,0.5159894824028011,0.22458434104919403,0.516368150711059,0.46755599975585904,359,8,9
976.2836303710938,0.7632674574851991,0.638149976730346,0.29134643077850303,0.7533078789710991,360,14,7
1175.9666748046875,0.0033699870109550004,0.9461737275123591,0.685939788818359,0.534120440483093,360,3,10
1036.7039794921875,0.18818902969360302,0.8466279506683351,0.260451912879943,0.9897372722625731,363,3,7
1073.7049560546875,0.6667601466178891,0.811442196369171,0.714269280433654,0.662840664386749,364,11,10
1017.9419555664062,0.37458723783493003,0.36903411149978604,0.9195376038551331,0.8607217073440551,366,5,15
1154.7894287109375,0.577399849891662,0.154503285884857,0.07608050107955901,0.55723088979721,368,8,2
1199.8968505859375,0.021722137928009002,0.048205196857452004,0.419699490070343,0.263551115989685,368,0,5
1118.04833984375,0.27413576841354304,0.8679320812225341,0.6625452041625971,0.8233420252799981,368,7,11
1101.065673828125,0.47315341234207103,0.14818310737609802,0.748392581939697,0.25201040506362904,371,4,9
1093.4991455078125,0.733797192573547,0.6335239410400391,0.527665674686431,0.8169512152671811,371,10,11
891.8258056640625,0.8356136679649351,0.533050537109375,0.245015025138854,0.9577524065971371,371,14,3
1115.8394775390625,0.8070073127746581,0.410470962524414,0.133899867534637,0.966130256652832,371,13,3
1045.35107421875,0.5380422472953791,0.9296246170997621,0.534361481666564,0.136210918426513,371,11,8
998.9566040039062,0.12805438041687,0.9171487689018251,0.47612673044204706,0.900226294994354,377,3,7
1022.5545654296875,0.034532010555267,0.30341976881027205,0.8927174210548401,0.44149762392044,379,1,13
1100.7117919921875,0.7976024150848381,0.484453558921813,0.618049979209899,0.648803830146789,379,13,10
1127.1448974609375,0.008960306644439,0.8927306532859801,0.32294023036956704,0.12230575084686202,380,3,4
1112.0748291015625,0.15960031747817902,0.5352433919906611,0.0355184674263,0.409331917762756,380,2,1
1034.0054931640625,0.777437925338745,0.261092960834503,0.305257499217987,0.146218538284301,381,13,4
974.7734375,0.622934699058532,0.029337167739868,0.955477058887481,0.8453154563903801,381,8,15
1038.5350341796875,0.8167540431022641,0.345669329166412,0.6239265203475951,0.120768368244171,382,13,8
1137.700927734375,0.37260878086090005,0.9581245183944701,0.905727386474609,0.176797926425933,382,7,12
1036.02880859375,0.28608632087707503,0.41419494152069003,0.016956269741058003,0.696695625782012,382,5,2
989.4020385742188,0.5712541341781611,0.99354064464569,0.40813004970550504,0.7767285108566281,383,11,7
1004.5236206054688,0.929733455181121,0.69851279258728,0.5082514286041261,0.558840215206146,383,14,10
1071.6768798828125,0.7831003665924071,0.9837182760238641,0.404276907444,0.24670761823654103,384,15,4
1194.0521240234375,0.193016409873962,0.8380543589591981,0.882279455661773,0.16949892044067302,384,3,12
1080.484130859375,0.6681021451950071,0.019925355911254,0.6038162708282471,0.7522727847099301,384,8,11
1053.930419921875,0.835980892181396,0.5858354568481441,0.8380749821662901,0.12571185827255202,384,14,12
1102.5899658203125,0.349639236927032,0.41880053281784,0.7443804740905761,0.9276742935180661,387,5,11
1063.855224609375,0.081691265106201,0.9491021037101741,0.8872714638710021,0.898070454597473,387,3,15
919.5012817382812,0.49588215351104703,0.209412932395935,0.19914400577545102,0.858051300048828,387,4,3
1219.4517822265625,0.9506374597549431,0.7968695759773251,0.15413880348205503,0.570523083209991,388,15,2
1154.0650634765625,0.065629065036773,0.709921419620513,0.742356479167938,0.092891573905944,391,2,8
1055.4443359375,0.504283368587493,0.05981409549713101,0.9982715845108031,0.300780951976776,391,8,13
1105.1075439453125,0.34728914499282804,0.816111862659454,0.7765538096427911,0.9004101753234861,394,7,15
1036.2520751953125,0.020247519016265002,0.44333171844482405,0.72602891921997,0.511446475982666,394,1,10
1119.209716796875,0.34141421318054205,0.08154237270355201,0.678308367729187,0.092370450496673,394,4,8
1198.5484619140625,0.054473400115966006,0.397858560085296,0.540233314037323,0.8426931500434871,394,1,11
1156.2125244140625,0.22397488355636502,0.27668690681457503,0.78924161195755,0.21390765905380202,394,1,12
1008.3624267578125,0.19669508934020902,0.45605504512786804,0.09343409538269001,0.945422649383544,394,1,3
1066.2445068359375,0.04976308345794601,0.026828348636627003,0.437081813812255,0.49619680643081604,394,0,5
1223.1405029296875,0.43161493539810103,0.754701972007751,0.685870230197906,0.8530192971229551,400,7,11
1086.291259765625,0.5402399897575371,0.14981526136398302,0.8731883764266961,0.48090296983718805,400,8,13
1134.20361328125,0.342405617237091,0.327877581119537,0.332269251346588,0.42176568508148105,400,5,5
1097.6259765625,0.102388143539428,0.29888820648193304,0.276103496551513,0.805444538593292,403,1,7
1070.5643310546875,0.121419250965118,0.5433224439620971,0.5286598205566401,0.7289044857025141,405,2,10
1041.5167236328125,0.10946065187454201,0.9466805458068841,0.284874260425567,0.706056296825408,405,3,6
1156.9686279296875,0.16480201482772802,0.9061140418052671,0.123759090900421,0.33745515346527105,407,3,1
1104.41357421875,0.9305222034454341,0.788531899452209,0.587713181972503,0.048465311527252,408,15,8
1102.7745361328125,0.83918821811676,0.37799412012100203,0.9907618165016171,0.8985152244567871,409,13,15
1146.2559814453125,0.666353642940521,0.046631932258605006,0.8508614897727961,0.7915492653846741,410,8,15
1045.3836669921875,0.066645383834838,0.7811954617500301,0.41528797149658203,0.068568050861358,411,3,4
1025.6168212890625,0.6167283058166501,0.307952761650085,0.34805440902709905,0.7044385075569151,412,9,6
1100.0716552734375,0.7027091383934021,0.296697199344635,0.230259835720062,0.9095234870910641,413,9,3
1057.8760986328125,0.9347677826881401,0.864620923995971,0.010843098163604,0.926940262317657,413,15,3
1123.7322998046875,0.11078518629074001,0.41823965311050404,0.5630387663841241,0.701576054096221,414,1,10
1037.489013671875,0.29914331436157204,0.6438688039779661,0.7429729700088501,0.52336710691452,416,6,10
1097.880126953125,0.7501139044761651,0.7427682280540461,0.6898862123489381,0.593508780002594,419,14,10
1087.9920654296875,0.35374498367309504,0.259741604328155,0.895065486431121,0.390646696090698,422,5,13
1086.483154296875,0.389219343662261,0.6996358036994931,0.502112984657287,0.567987143993377,422,6,10
1031.0911865234375,0.9729951024055481,0.40140229463577204,0.9122433662414551,0.9231714010238641,422,13,15
1037.08349609375,0.7214360833168031,0.581358790397644,0.608150839805603,0.046939074993133004,422,10,8
1026.2987060546875,0.051472663879394004,0.653971374034881,0.36815595626831005,0.845952033996582,423,2,7
1155.3841552734375,0.5426893830299371,0.27054733037948603,0.9107391834259031,0.5186557769775391,423,9,14
999.5101928710938,0.193390488624572,0.344640016555786,0.014001727104187001,0.753033876419067,423,1,3
956.3499145507812,0.6748083829879761,0.43629938364028903,0.9084649682044981,0.8171669244766231,423,9,15
1157.7608642578125,0.109100222587585,0.305096566677093,0.9719403982162471,0.34169030189514105,427,1,13
1097.40234375,0.14161992073059002,0.21153193712234403,0.40094023942947304,0.5805008411407471,427,0,6
1106.14111328125,0.650016009807586,0.171228468418121,0.9118802547454831,0.681185543537139,427,8,14
977.7493286132812,0.7832040786743161,0.675446987152099,0.22847819328308103,0.550963461399078,428,14,2
1081.7821044921875,0.31012696027755704,0.9245937466621391,0.386073231697082,0.18954956531524603,428,7,4
1027.9619140625,0.18416416645050002,0.200507223606109,0.46219325065612704,0.389630317687988,428,0,5
1108.0325927734375,0.39023679494857705,0.428503990173339,0.17666774988174402,0.9045854806900021,429,5,3
1023.9749145507812,0.26429075002670205,0.188880801200866,0.796219527721405,0.402571976184844,430,4,13
1143.6114501953125,0.470623612403869,0.8996508717536921,0.492211818695068,0.5419400930404661,430,7,6
1025.815673828125,0.660369515419006,0.400670707225799,0.985636413097381,0.40358692407608004,432,9,13
1065.2025146484375,0.8215056657791131,0.24576705694198603,0.37458294630050604,0.7683561444282531,433,12,7
1065.1944580078125,0.592102169990539,0.38244920969009405,0.7086573839187621,0.2350794672966,435,9,8
1084.48486328125,0.35947489738464306,0.9202332496643061,0.257539212703704,0.103042125701904,436,7,4
1133.2322998046875,0.33616811037063604,0.287039458751678,0.7581343650817871,0.7194446325302121,437,5,14
1046.110107421875,0.226545631885528,0.665804684162139,0.606114149093627,0.7977916598320001,437,2,11
1010.22314453125,0.0561363697052,0.28362119197845403,0.026674211025238002,0.197019815444946,439,1,0
1116.5965576171875,0.297340750694274,0.17246818542480402,0.9628832340240471,0.5737871527671811,442,4,14
1019.2428588867188,0.5716701149940491,0.5477079153060911,0.6800717115402221,0.417665839195251,442,10,9
1174.27392578125,0.7213281393051141,0.49668210744857705,0.128891587257385,0.208547830581665,442,9,0
1097.02734375,0.8742313385009761,0.8994343280792231,0.942354500293731,0.22897344827651903,443,15,12
1067.2786865234375,0.35629665851593,0.718598961830139,0.9041594266891481,0.28669762611389105,443,6,13
1117.678955078125,0.8459868431091301,0.119486629962921,0.9198078513145441,0.685348808765411,443,12,14
1032.427978515625,0.554145157337188,0.518226742744445,0.7615975737571711,0.19570380449295002,443,10,12
1080.8494873046875,0.376799881458282,0.549012839794158,0.9086979627609251,0.706206202507019,444,6,14
1044.0078125,0.841829597949981,0.05082166194915701,0.757107079029083,0.153611302375793,444,12,12
1126.32861328125,0.9669275283813471,0.19104921817779502,0.44589430093765203,0.38128978013992304,444,12,5
1008.8623657226562,0.272826731204986,0.032127261161804005,0.9605581164360041,0.801904618740081,447,4,15
1057.6014404296875,0.809314310550689,0.8604745864868161,0.669018864631652,0.8974498510360711,448,15,11
998.8445434570312,0.18745493888854903,0.8851580619812011,0.36163246631622303,0.7858719229698181,449,3,7
1058.38720703125,0.685695648193359,0.9163631796836851,0.713664650917053,0.076211690902709,449,11,8
1010.1239624023438,0.8920899033546441,0.494421541690826,0.818541347980499,0.6196968555450441,449,13,14
1123.2119140625,0.506181299686431,0.76711630821228,0.230105698108673,0.24827641248703003,452,11,0
1062.1077880859375,0.090639472007751,0.37208849191665605,0.26299118995666504,0.9654207229614251,453,1,7
1127.262451171875,0.7552683949470521,0.13760256767272902,0.8282982707023621,0.435221970081329,459,12,13
1039.2249755859375,0.106942236423492,0.9124531149864191,0.40911072492599404,0.803840160369873,459,3,7
1038.531982421875,0.737329542636871,0.706564545631408,0.9065493345260621,0.7885390520095821,459,10,15
1078.66796875,0.602999687194824,0.046831011772155005,0.72376537322998,0.8572528362274171,459,8,11
1115.2076416015625,0.5812521576881401,0.33653855323791504,0.5115916132926941,0.073155164718627,459,9,8
1066.0380859375,0.31485033035278304,0.588600516319274,0.40232497453689503,0.49190074205398504,459,6,5
1037.6614990234375,0.6575653553009031,0.34870409965515103,0.7050322294235231,0.833462059497833,459,9,11
1135.6964111328125,0.297701299190521,0.8343731760978691,0.770296216011047,0.11977607011795001,459,7,12
1039.73876953125,0.830174267292022,0.770221412181854,0.16583961248397802,0.068750917911529,460,15,0
1180.825439453125,0.8409591317176811,0.023381233215332003,0.925741493701934,0.959793388843536,460,12,15
1139.77197265625,0.443633556365966,0.8243467211723321,0.17125731706619202,0.7405507564544671,461,7,2
1071.05908203125,0.29594886302948,0.9579388499259941,0.22918373346328702,0.32260602712631203,461,7,1
1136.6339111328125,0.41931062936782804,0.9276738166809081,0.46975731849670405,0.7350004315376281,462,7,6
1109.6259765625,0.18320983648300102,0.6884969472885131,0.023364424705505003,0.510425925254821,465,2,2
1157.228271484375,0.927721977233886,0.9109091758728021,0.274211585521698,0.649089038372039,465,15,6
1127.4183349609375,0.174276053905487,0.040841996669769,0.360223710536956,0.8855009675025941,465,0,7
1108.135986328125,0.167576849460601,0.449102044105529,0.001114666461944,0.023094773292541,467,1,0
1032.60791015625,0.433465838432312,0.648034512996673,0.7455083727836601,0.6888457536697381,467,6,10
1102.924072265625,0.6001096367835991,0.070206582546234,0.7190701961517331,0.29313325881958,470,8,9
1158.7784423828125,0.5677636861801141,0.505261778831481,0.14198744297027502,0.034003436565399,470,10,0
1104.0587158203125,0.7693855762481691,0.315083920955657,0.757026433944702,0.054061770439147006,473,13,12
1076.3494873046875,0.086675345897674,0.44814807176589905,0.7112768888473511,0.12277024984359701,473,1,8
1084.5244140625,0.057610571384429,0.7411924004554741,0.291659295558929,0.361716389656066,476,2,5
1039.106689453125,0.745831906795501,0.11191499233245801,0.07344895601272501,0.166392028331756,476,8,0
1031.3577880859375,0.184253752231597,0.09722667932510301,0.389631628990173,0.11145234107971101,477,0,4
1157.279296875,0.31175017356872503,0.7238855957984921,0.5884186625480651,0.47146600484848006,481,6,9
1123.208740234375,0.932269096374511,0.6206033229827881,0.303817272186279,0.025176942348480003,482,14,4
966.3577880859375,0.23755818605422901,0.272463142871856,0.47316128015518105,0.417861461639404,482,1,5
1065.0391845703125,0.437923967838287,0.547083258628845,0.9999040961265561,0.5542526841163631,487,6,14
1117.283203125,0.28767573833465504,0.45171862840652405,0.764060139656066,0.60529887676239,487,5,14
1122.2867431640625,0.14445286989212,0.5676222443580621,0.7255927920341491,0.156453609466552,489,2,8
987.8723754882812,0.901443719863891,0.658849477767944,0.443224251270294,0.6045488119125361,490,14,6
1004.7303466796875,0.5653279423713681,0.745962142944335,0.35742491483688305,0.418781161308288,493,10,5
1008.2407836914062,0.23687875270843503,0.7268152832984921,0.9440980553627011,0.601853013038635,493,2,14
1125.101806640625,0.5435046553611751,0.905264496803283,0.269617974758148,0.670475959777832,494,11,6
1238.2093505859375,0.069806098937988,0.02449494600296,0.865316987037658,0.0056071877479550005,494,0,12
1140.525390625,0.8780072927474971,0.434622824192047,0.176503837108612,0.9100565910339351,494,13,3
1251.3173828125,0.6180405616760251,0.251209616661071,0.8851626515388481,0.37235414981842,495,9,13
1027.3763427734375,0.39454013109207103,0.321272492408752,0.16671156883239702,0.9719958305358881,495,5,3
1028.19677734375,0.5517309308052061,0.021289825439453,0.307672262191772,0.644777476787567,495,8,6
1110.9967041015625,0.357772648334503,0.548815667629241,0.08502763509750301,0.7776826620101921,495,6,3
1023.6953125,0.564333736896514,0.424940228462219,0.020484864711761003,0.16235995292663502,496,9,0
1033.093505859375,0.6171305775642391,0.46401202678680403,0.59511774778366,0.758299589157104,496,9,11
1106.5657958984375,0.9174642562866211,0.9055096507072441,0.443610072135925,0.512051105499267,497,15,6
1040.1422119140625,0.6382450461387631,0.6276085376739501,0.710215866565704,0.788926362991333,497,10,11
1069.033447265625,0.5283157825469971,0.06287258863449001,0.8468349575996391,0.020825147628784003,498,8,12
1140.3525390625,0.8103778958320611,0.598247289657592,0.8386757969856261,0.507656633853912,499,14,14
1004.8443603515625,0.639126896858215,0.525875806808471,0.008514165878295,0.824537336826324,499,10,3
1050.736083984375,0.730528950691223,0.16717898845672602,0.07902890443801801,0.45453286170959406,499,8,1
1288.138671875,0.777617454528808,0.7777917981147761,0.9402894973754881,0.22443324327468803,501,15,12
1321.9144287109375,0.23187142610549902,0.8375134468078611,0.26739829778671204,0.8682371973991391,501,3,7
1321.6431884765625,0.46348297595977705,0.12348836660385101,0.8885114789009091,0.35418885946273804,501,4,13
1267.201171875,0.260877966880798,0.8767103552818291,0.8491497039794921,0.950197398662567,506,7,15
1375.478271484375,0.6066908240318291,0.07664555311203,0.322328746318817,0.009265661239624001,506,8,4
1381.4931640625,0.39573526382446206,0.211643934249877,0.7666411995887751,0.43179440498352,506,4,13
1266.1893310546875,0.47368890047073303,0.053535401821136,0.805562853813171,0.836383819580078,506,4,15
1330.1015625,0.6542084217071531,0.8995506763458251,0.5770360231399531,0.22192519903182903,508,11,8
1247.8143310546875,0.6814966797828671,0.026449501514434003,0.634015262126922,0.799884021282196,508,8,11
1284.0401611328125,0.9894182682037351,0.5988331437110901,0.8048297762870781,0.5480965971946711,513,14,14
1311.9866943359375,0.638632714748382,0.299243986606597,0.7601239085197441,0.158426821231842,514,9,12
1317.1151123046875,0.08619797229766801,0.290429651737213,0.13217473030090302,0.7477723360061641,514,1,2
1346.549072265625,0.391131103038787,0.686553359031677,0.7385988235473631,0.711139559745788,514,6,10
1401.197265625,0.10492026805877601,0.337571382522583,0.14499896764755202,0.07883739471435501,519,1,0
1404.6541748046875,0.755430996417999,0.9315294027328491,0.756752550601959,0.23619991540908802,521,15,12
1253.5328369140625,0.22308301925659102,0.517126262187957,0.5575487017631531,0.14575982093811002,522,2,8
1366.2020263671875,0.9763028025627131,0.9026807546615601,0.041469275951385005,0.48990511894226,523,15,1
1215.444091796875,0.39575111865997303,0.819901645183563,0.5017961859703061,0.811301231384277,525,7,11
1317.0216064453125,0.21369320154190002,0.11920022964477502,0.9362636804580681,0.513732850551605,525,0,14
1265.947265625,0.31176501512527405,0.301914632320404,0.7563569545745851,0.8814478516578671,525,5,15
1252.8707275390625,0.141227781772613,0.9007982015609741,0.199583292007446,0.212154507637023,525,3,0
1260.8673095703125,0.28466540575027405,0.802739560604095,0.321455538272857,0.8982911109924311,525,7,7
1410.7703857421875,0.725993394851684,0.903741180896759,0.893826067447662,0.7514182925224301,525,11,15
1405.922119140625,0.30581694841384804,0.624189853668212,0.020143449306488002,0.145703136920928,525,6,0
1366.2392578125,0.5756292939186091,0.393450021743774,0.579044878482818,0.9822147488594051,525,9,11
1179.0228271484375,0.8691105246543881,0.9405736327171321,0.9582935571670531,0.523090183734893,525,15,14
1371.3482666015625,0.668056190013885,0.972416698932647,0.117997467517852,0.818041920661926,525,11,3
1296.5675048828125,0.033753335475921,0.41839486360549905,0.20753365755081102,0.7849989533424371,526,1,3
1368.61767578125,0.69328898191452,0.004335165023803001,0.9062253236770631,0.49291849136352506,528,8,13
1234.73974609375,0.162150979042053,0.665413439273834,0.8699590563774101,0.622543573379516,528,2,14
1394.251708984375,0.483549237251281,0.27963829040527305,0.104821145534515,0.15032559633255002,531,5,0
1294.48291015625,0.12316220998764,0.213780999183654,0.5784838199615471,0.538628637790679,531,0,10
1332.37548828125,0.209016680717468,0.5482931733131401,0.947811663150787,0.64136791229248,531,2,14
1207.1678466796875,0.377864301204681,0.829069793224334,0.44663769006729104,0.43599945306777904,539,7,5
1385.59716796875,0.499733090400695,0.28164428472518904,0.994430661201477,0.45278924703598006,539,5,13
1278.7203369140625,0.7206032872200011,0.6537732481956481,0.41333061456680303,0.288396060466766,539,10,5
1344.37060546875,0.9640054702758781,0.546868503093719,0.42011022567749,0.646455764770507,539,14,6
1370.02978515625,0.299368858337402,0.9000137448310851,0.103624463081359,0.590730547904968,539,7,2
1243.4305419921875,0.587160170078277,0.265463590621948,0.40208619832992504,0.442670762538909,540,9,5
1255.248046875,0.5685374736785881,0.699903786182403,0.24856305122375402,0.8805264234542841,543,10,3
1301.6083984375,0.6392658352851861,0.09398329257965,0.740688443183898,0.7968754768371581,543,8,11
1411.7906494140625,0.9257814884185791,0.35190802812576205,0.06181454658508301,0.607878804206848,547,13,2
1214.7969970703125,0.770342886447906,0.20308023691177302,0.215201497077941,0.8984265923500061,552,12,3
1342.3218994140625,0.450248837471008,0.23078310489654502,0.20111185312271102,0.46097135543823203,554,4,1
447.53948974609375,0.7778603434562681,0.153701484203338,0.5809054970741271,0.427376270294189,555,12,9
1348.0982666015625,0.608308970928192,0.881288170814514,0.7580958604812621,0.7415773272514341,557,11,14
1246.598388671875,0.9988094568252561,0.613555490970611,0.090243220329284,0.9792701005935661,563,14,3
1346.2584228515625,0.9261944293975831,0.728120863437652,0.350584030151367,0.9489055275917051,564,14,7
1230.0345458984375,0.001346051692962,0.5229834914207451,0.41211783885955805,0.03952556848526,564,2,4
1348.510986328125,0.22860729694366402,0.509194254875183,0.21629899740219102,0.27043032646179205,566,2,1
1266.859375,0.024085402488708003,0.297608137130737,0.5730794072151181,0.40956807136535606,570,1,9
1365.9630126953125,0.133702218532562,0.32043188810348505,0.8850796818733211,0.956963598728179,571,1,15
1266.8931884765625,0.300046861171722,0.047717928886413005,0.734812259674072,0.129098176956176,571,4,8
1379.7764892578125,0.33454805612564004,0.512997806072235,0.9862566590309141,0.629398941993713,572,6,14
1283.02197265625,0.560032308101654,0.629932224750518,0.19957131147384602,0.886290848255157,572,10,3
1332.2464599609375,0.39932590723037703,0.065948367118835,0.030464649200439002,0.711000740528106,572,4,2
1288.3463134765625,0.8044962882995601,0.676474392414093,0.768213331699371,0.0010516643524160001,572,14,12
1372.4453125,0.8859959244728081,0.930749654769897,0.8756551742553711,0.275376856327056,573,15,13
1334.7872314453125,0.258475363254547,0.963064312934875,0.766404092311859,0.656454801559448,573,7,14
1369.1439208984375,0.16943311691284102,0.311048924922943,0.039836049079895006,0.8671543598175041,573,1,3
1277.120361328125,0.48179113864898604,0.6509633064270021,0.11508011817932101,0.084333598613739,573,6,0
1259.4150390625,0.5387443900108331,0.497684359550476,0.7035888433456421,0.09012472629547101,573,9,8
1281.748291015625,0.641351878643035,0.771666586399078,0.6714157462120051,0.052696168422698,573,11,8
1329.384765625,0.9367978572845451,0.319779872894287,0.273104727268219,0.82181292772293,574,13,7
1263.04443359375,0.9288331270217891,0.5095138549804681,0.9244547486305231,0.090320169925689,574,14,12
1383.6578369140625,0.664585590362548,0.6879720091819761,0.14425605535507202,0.046532332897186,574,10,0
1309.4356689453125,0.17396360635757402,0.177831292152404,0.7991954684257501,0.359360694885253,576,0,13
1327.592041015625,0.23336052894592202,0.519758284091949,0.9820502996444701,0.61690878868103,577,2,14
1233.7879638671875,0.488534450531005,0.47672319412231406,0.119865000247955,0.659461855888366,577,5,2
1317.0999755859375,0.36959171295166005,0.9872081875801081,0.27199417352676303,0.543075621128082,577,7,6
1319.382568359375,0.36081409454345703,0.47726309299468905,0.7145676612854001,0.44915109872817904,578,5,9
1346.2841796875,0.35991340875625605,0.564355909824371,0.708312034606933,0.679270386695861,579,6,10
1410.8028564453125,0.20558530092239302,0.573451876640319,0.270239949226379,0.215713322162628,579,2,4
1315.7342529296875,0.11504483222961401,0.49694043397903404,0.279598832130432,0.211736440658569,579,1,4
1366.39697265625,0.034957647323608,0.454697430133819,0.39359128475189203,0.8142182230949401,580,1,7
1395.3607177734375,0.544277369976043,0.30507498979568404,0.6979764103889461,0.06423407793045001,580,9,8
1330.54248046875,0.9483198523521421,0.637439846992492,0.693974494934082,0.050719857215881,582,14,8
1344.136474609375,0.561564564704895,0.320297300815582,0.594148933887481,0.790307760238647,582,9,11
1433.2008056640625,0.57228660583496,0.819726109504699,0.42517799139022805,0.512007057666778,584,11,6
1409.5213623046875,0.574825942516326,0.0018610358238220002,0.016331613063812003,0.026724278926849,584,8,0
1357.916748046875,0.669488549232482,0.325360238552093,0.464592278003692,0.05603617429733201,584,9,4
1251.4219970703125,0.038035690784454006,0.09933370351791301,0.136432826519012,0.474477052688598,584,0,1
1281.515869140625,0.797961592674255,0.6901168227195741,0.29823476076126104,0.518315851688385,584,14,6
1377.9002685546875,0.549064040184021,0.6605647802352901,0.655578136444091,0.929630935192108,584,10,11
1350.8497314453125,0.061643481254577005,0.76226669549942,0.10866236686706501,0.917423605918884,585,3,3
1288.95263671875,0.054070234298706006,0.21419942378997803,0.22045302391052202,0.927844285964965,585,0,3
1185.312744140625,0.42792779207229603,0.120640695095062,0.18514269590377802,0.6309077143669121,585,4,2
1261.627685546875,0.331344544887542,0.694196999073028,0.799324512481689,0.21370917558670002,585,6,12
1353.5947265625,0.8200460672378541,0.695070326328277,0.008375585079193,0.9256951212882991,585,14,3
1321.8929443359375,0.351743876934051,0.9894406199455261,0.10766851902008001,0.6052719950675961,585,7,2
1318.38818359375,0.36137032508850103,0.979280769824981,0.343529284000396,0.815740168094635,586,7,7
1313.4176025390625,0.621855497360229,0.15291941165924,0.585696220397949,0.386542439460754,590,8,9
1289.9246826171875,0.6753270030021661,0.46634453535079906,0.19161176681518502,0.339427590370178,590,9,1
1192.7325439453125,0.469702303409576,0.298044443130493,0.5928274989128111,0.23546397686004603,591,5,8
1276.2791748046875,0.39612275362014704,0.827491879463195,0.664419472217559,0.531371295452117,594,7,10
1397.369873046875,0.249372661113739,0.763338148593902,0.363340497016906,0.989262759685516,595,3,7
1270.0137939453125,0.059665620326995,0.667251825332641,0.43659275770187306,0.736471951007843,595,2,6
1371.2340087890625,0.5030664801597591,0.42592746019363403,0.9817392826080321,0.043898105621337,595,9,12
1290.612060546875,0.14648658037185602,0.209880292415618,0.20158344507217402,0.536859214305877,596,0,2
1237.1029052734375,0.413167178630828,0.8900542855262751,0.938308775424957,0.517776727676391,596,7,14
1309.7989501953125,0.24006372690200803,0.689027369022369,0.447018384933471,0.037302792072296004,597,2,4
1374.237060546875,0.44490629434585505,0.23731458187103202,0.924531519412994,0.09838455915451001,597,4,12
1374.089599609375,0.9829609990119931,0.041169881820678,0.380245983600616,0.052367746829986,598,12,4
1369.4312744140625,0.8973563909530641,0.40832799673080405,0.9278900623321531,0.824567198753356,598,13,15
536.5829467773438,0.359976530075073,0.618396699428558,0.040116965770721005,0.137891292572021,601,6,0
1285.59716796875,0.9694193601608271,0.5033462643623351,0.8390070199966431,0.5520832538604731,604,14,14
1227.766845703125,0.37685769796371404,0.9597347378730771,0.107304573059082,0.049794495105743006,604,7,0
1354.7974853515625,0.08621358871459901,0.564500510692596,0.5160230398178101,0.986446440219879,605,2,11
1312.5626220703125,0.9204190969467161,0.9402606487274171,0.159713506698608,0.400632858276367,606,15,1
1355.841796875,0.22206336259841902,0.9709118008613581,0.7478451728820801,0.627318978309631,606,3,10
1303.23095703125,0.695498168468475,0.448638319969177,0.8392652273178101,0.514299094676971,606,9,14
1326.33154296875,0.5217596888542171,0.321179389953613,0.7817217111587521,0.036144971847534006,606,9,12
1320.3795166015625,0.228463470935821,0.017610013484954,0.6176593303680421,0.923779964447021,606,0,11
1351.520263671875,0.136620342731475,0.15147578716278,0.62294590473175,0.08452790975570601,606,0,8
1196.17138671875,0.0013403296470640002,0.05886596441268901,0.08340835571289,0.17745977640151903,606,0,0
1374.0377197265625,0.303212702274322,0.41926842927932706,0.491034090518951,0.605903089046478,606,5,6
495.8494567871094,0.8411319255828851,0.11809056997299101,0.5486760139465331,0.7855559587478631,606,12,11
1263.4034423828125,0.9196401834487911,0.9365875720977781,0.0037031173706050004,0.566089928150177,606,15,2
1247.5615234375,0.9741498231887811,0.049272179603576,0.14575493335723802,0.26122653484344405,606,12,1
1349.028564453125,0.382197439670562,0.871728122234344,0.790090441703796,0.44263273477554305,608,7,13
1297.11669921875,0.20769464969635001,0.29566991329193104,0.18069535493850702,0.41192370653152405,609,1,1
1354.2310791015625,0.157372713088989,0.476882398128509,0.235477685928344,0.16983956098556502,612,1,0
1219.1180419921875,0.5674636960029601,0.785444319248199,0.263363718986511,0.516268134117126,612,11,6
1320.611328125,0.8888993263244621,0.8600881099700921,0.199709713459014,0.346112310886383,612,15,1
1341.4281005859375,0.8015227317810051,0.298206090927124,0.7264888882637021,0.7909583449363701,616,13,11
1247.427001953125,0.12668842077255202,0.24398458003997803,0.8708356022834771,0.08574378490447901,616,0,12
1319.699462890625,0.8028621077537531,0.40675556659698403,0.624444961547851,0.173905730247497,616,13,8
1343.2001953125,0.43322956562042203,0.535078763961792,0.49262475967407204,0.741351246833801,616,6,6
1339.021240234375,0.031389594078063,0.772659718990325,0.00040096044540400004,0.7220492959022521,616,3,2
1299.802001953125,0.6334266662597651,0.745191633701324,0.510470032691955,0.31929326057434004,616,10,9
1294.638671875,0.8573169708251951,0.29410797357559204,0.9370569586753841,0.744053781032562,617,13,14
1121.6807861328125,0.627260029315948,0.23325556516647303,0.8576164245605461,0.7047020196914671,620,8,14
1303.8360595703125,0.33164048194885204,0.619153439998626,0.83930766582489,0.9322344064712521,622,6,15
1237.4381103515625,0.378842294216156,0.5933626890182491,0.8083922863006591,0.162130892276763,622,6,12
1224.3387451171875,0.173010826110839,0.852718949317932,0.68793773651123,0.6986727118492121,622,3,10
1304.542724609375,0.7365058660507201,0.033285558223724004,0.5920284986495971,0.8999751210212701,623,8,11
1346.0357666015625,0.371755301952362,0.6923388838768001,0.05237424373626701,0.58516240119934,623,6,2
1170.1881103515625,0.7773229479789731,0.698820829391479,0.37905782461166304,0.38628232479095403,623,14,5
1307.58544921875,0.783734500408172,0.346269071102142,0.8120512962341301,0.075652003288269,624,13,12
1260.655029296875,0.10492432117462101,0.29889208078384405,0.635774135589599,0.7879785299301141,624,1,11
398.1789245605469,0.255470871925354,0.9265475273132321,0.031126677989959002,0.9573261141777031,624,7,3
1252.70703125,0.43048685789108204,0.713059782981872,0.89393126964569,0.380463540554046,624,6,13
1260.3890380859375,0.519219398498535,0.33414560556411704,0.5796766281127931,0.8785152435302731,627,9,11
1357.3984375,0.8835042715072631,0.151111304759979,0.205532968044281,0.691328048706054,627,12,2
1281.4244384765625,0.147190928459167,0.9419199824333191,0.55334448814392,0.146331787109375,627,3,8
1383.860107421875,0.201103150844573,0.183452010154724,0.344019889831542,0.8933332562446591,627,0,7
1378.373779296875,0.096635162830352,0.34451586008071905,0.37534421682357705,0.696926832199096,628,1,6
1271.6728515625,0.5393995642662041,0.737057268619537,0.281319499015808,0.119003236293792,630,10,4
1325.4500732421875,0.044769883155822005,0.008309245109558001,0.43019163608551003,0.529943406581878,630,0,6
1341.252685546875,0.18327629566192602,0.595008790493011,0.072416007518768,0.54806113243103,631,2,2
1358.725341796875,0.143848598003387,0.7412360310554501,0.43472903966903603,0.9780365824699401,631,2,7
1357.188720703125,0.32095682621002203,0.961658179759979,0.10171103477478001,0.216141879558563,632,7,0
1419.5435791015625,0.262854218482971,0.7690179944038391,0.378704488277435,0.9496264457702631,632,7,7
1211.2613525390625,0.130519390106201,0.571796715259552,0.34746819734573303,0.959582388401031,632,2,7
1325.3785400390625,0.013141155242919,0.11252808570861801,0.663761675357818,0.26947331428527804,632,0,9
1370.195556640625,0.986393392086029,0.8359965682029721,0.43277704715728704,0.141630768775939,633,15,4
1263.1865234375,0.7960129380226131,0.37109261751174905,0.34971255064010603,0.201036989688873,633,13,4
1283.751708984375,0.9173592925071711,0.141677200794219,0.9603436589241021,0.18314445018768302,635,12,12
1302.14306640625,0.904690027236938,0.318772733211517,0.8075814843177791,0.7781348824501031,637,13,15
1324.3714599609375,0.6880586147308351,0.8620309233665461,0.195964395999908,0.11128622293472201,637,11,0
1216.44384765625,0.9659069180488581,0.18983411788940402,0.310639560222625,0.87494945526123,639,12,7
1346.219482421875,0.21913909912109303,0.624286174774169,0.014025330543518,0.10562807321548401,639,2,0
536.01904296875,0.386656165122985,0.126354396343231,0.567115306854248,0.15952390432357702,642,4,8
1360.870361328125,0.8718625307083131,0.907192230224609,0.004432737827301,0.550991475582122,642,15,2
1302.2618408203125,0.14235019683837802,0.612933814525604,0.078752279281616,0.055178761482238006,644,2,0
1249.71875,0.9839156270027161,0.5160362720489501,0.8589264154434201,0.085576057434082,646,14,12
1322.26611328125,0.24582463502883903,0.401989340782165,0.07452118396759,0.9002215266227721,649,1,3
1341.6187744140625,0.40431654453277505,0.1490198969841,0.758963108062744,0.7955917119979851,649,4,15
1255.49169921875,0.984377145767211,0.8610088825225831,0.599024057388305,0.302467405796051,649,15,9
1296.758544921875,0.9064120054244991,0.207474112510681,0.46359384059906006,0.8813645839691161,649,12,7
1348.5831298828125,0.045895576477050004,0.23612517118453902,0.10136008262634201,0.29896306991577104,649,0,1
1262.6778564453125,0.48558610677719105,0.15100944042205802,0.40749323368072504,0.641376614570617,649,4,6
1389.610595703125,0.00098717212677,0.16466760635375902,0.667330563068389,0.7290930151939391,650,0,10
1179.37158203125,0.8590843081474301,0.49101251363754206,0.353338837623596,0.412556946277618,651,13,5
1383.30908203125,0.39953643083572304,0.301040053367614,0.7832228541374201,0.251165330410003,655,5,13
1346.193115234375,0.9670878052711481,0.551837623119354,0.186274826526641,0.421667635440826,655,14,1
1346.8192138671875,0.151706039905548,0.31657886505126903,0.694922924041748,0.24369871616363503,655,1,8
519.5974731445312,0.7991262674331661,0.47270780801773005,0.28505152463912903,0.22556614875793402,655,13,4
1329.3310546875,0.060939192771911004,0.011479794979095001,0.22506606578826902,0.750060439109802,655,0,3
1290.6741943359375,0.576076745986938,0.8391944169998161,0.6084548234939571,0.5423538684844971,656,11,10
1282.0457763671875,0.47464251518249506,0.9658618569374081,0.9369876980781551,0.9442830681800841,657,7,15
1363.9105224609375,0.747741281986236,0.622646868228912,0.154656708240509,0.972258329391479,659,10,3
1255.7186279296875,0.26103520393371504,0.79895794391632,0.648405671119689,0.22016656398773102,659,7,8
1353.7662353515625,0.533103346824646,0.7690405845642091,0.8814510703086851,0.307029902935028,659,11,13
1325.0557861328125,0.8491634130477901,0.20253568887710502,0.6080889105796811,0.967664122581481,659,12,11
1286.420166015625,0.021636426448822,0.672004401683807,0.464318752288818,0.883444607257843,661,2,7
1316.4105224609375,0.9136853218078611,0.26484048366546603,0.5885269045829771,0.710132837295532,661,13,10
1286.77294921875,0.625301480293273,0.7015920281410211,0.8712661862373351,0.815429091453552,665,10,15
1306.516845703125,0.038590788841247003,0.367660164833068,0.927444875240325,0.304412305355072,671,1,13
1160.1326904296875,0.9857872724533081,0.022507250308990003,0.366313397884368,0.21497827768325803,671,12,4
1217.7728271484375,0.137531340122222,0.353200435638427,0.70061856508255,0.46359103918075506,676,1,9
1431.074951171875,0.055636167526245006,0.913980841636657,0.15043598413467402,0.9197418689727781,680,3,3
1333.8394775390625,0.46977925300598106,0.71280837059021,0.5616599917411801,0.9289963841438291,681,6,11
1131.4952392578125,0.022530317306518003,0.693067669868469,0.006201386451721001,0.739697754383087,683,2,2
1366.8310546875,0.6656945347785951,0.5667486190795891,0.7134011983871461,0.085164129734039,683,10,8
1227.9093017578125,0.015936493873596,0.386989057064056,0.563073754310607,0.22480529546737602,683,1,8
1344.9398193359375,0.36961644887924106,0.527329802513122,0.9564524292945861,0.9106450676918031,683,6,15
1270.4229736328125,0.027404308319091002,0.47107219696044905,0.29622209072113004,0.590652644634246,683,1,6
1326.5946044921875,0.723308026790618,0.12055355310440001,0.5390881896018981,0.195722818374633,683,8,8
529.5833740234375,0.502341508865356,0.34316384792327803,0.580807566642761,0.35669976472854603,683,9,9
1391.854248046875,0.8651513457298271,0.056630373001098,0.774751365184783,0.10348653793334901,683,12,12
1348.27001953125,0.48472577333450306,0.8811929821968071,0.997552096843719,0.048031032085418,683,7,12
1358.048583984375,0.07868307828903101,0.8711630105972291,0.6565145254135131,0.585315942764282,685,3,10
1430.5302734375,0.067900478839874,0.882265627384185,0.30876189470291104,0.19539934396743702,685,3,4
1290.614990234375,0.9674583673477171,0.978129386901855,0.210058569908142,0.681229770183563,685,15,2
1267.436767578125,0.152482509613037,0.7667186260223381,0.27617621421813904,0.34752237796783403,685,3,5
1378.4267578125,0.024898886680603003,0.81121802330017,0.699900984764099,0.5687926411628721,685,3,10
1331.342041015625,0.448519051074981,0.014294624328613002,0.614203989505767,0.19200652837753202,685,4,8
1366.8944091796875,0.634140372276306,0.986255288124084,0.69524210691452,0.699245452880859,686,11,10
1223.0054931640625,0.030576109886169003,0.34634864330291704,0.35063898563385004,0.613202810287475,686,1,6
1343.772216796875,0.464110910892486,0.510569155216217,0.608692109584808,0.700253129005432,688,6,10
1304.8436279296875,0.92909824848175,0.514603316783905,0.9598206877708431,0.04317492246627801,688,14,12
1296.0579833984375,0.34853219985961903,0.33408182859420704,0.27688193321228,0.42910104990005404,689,5,5
1314.662841796875,0.32844048738479603,0.48735511302948,0.781826853752136,0.18421065807342502,689,5,12
1281.4666748046875,0.038059175014495,0.33846408128738403,0.005542933940887,0.19521015882492002,689,1,0
1337.304443359375,0.9064176678657531,0.7964872717857361,0.017406523227691,0.60739117860794,689,15,2
1334.43359375,0.16857784986495902,0.7811344861984251,0.29406666755676203,0.98843914270401,689,3,7
1267.614990234375,0.50998455286026,0.29661059379577603,0.8882982134819031,0.22603702545166002,689,9,12
1392.5225830078125,0.10687887668609601,0.40383809804916304,0.20515787601470903,0.849372208118438,691,1,3
1206.985595703125,0.8564046621322631,0.5844167470932,0.7704338431358331,0.7764532566070551,691,14,15
1385.662109375,0.448588550090789,0.533471405506134,0.016517043113708,0.208572208881378,692,6,0
1377.7606201171875,0.492045402526855,0.23595458269119202,0.6247345209121701,0.18026542663574202,692,4,8
1395.6259765625,0.862769663333892,0.604966640472412,0.982698261737823,0.236645460128784,698,14,12
1258.872802734375,0.635472178459167,0.19220393896102902,0.6977353096008301,0.8900343775749201,699,8,11
1318.3419189453125,0.49511712789535506,0.13491922616958602,0.35558712482452304,0.540851771831512,699,4,6
470.832275390625,0.283011615276336,0.80152940750122,0.675200700759887,0.353308320045471,701,7,9
1335.1361083984375,0.6046538352966301,0.150177717208862,0.9646379947662351,0.060204029083251,701,8,12
1313.319091796875,0.371296107769012,0.943478107452392,0.9599308371543881,0.391225457191467,701,7,13
1346.8065185546875,0.8565427660942071,0.527004301548004,0.31863051652908303,0.49034309387207003,701,14,5
1265.0596923828125,0.518283069133758,0.254953145980834,0.542103052139282,0.758164346218109,701,9,11
1356.269775390625,0.6398319602012631,0.8195869326591491,0.285224139690399,0.612065851688385,704,11,6
1359.369384765625,0.8956643939018251,0.389545440673828,0.9729231595993041,0.14574384689331002,709,13,12
1213.4822998046875,0.9022691249847411,0.437269389629364,0.34950172901153503,0.5725631713867181,718,13,6
1276.17529296875,0.283617377281188,0.613816082477569,0.9825941324234001,0.8399528264999391,718,6,15
1392.8843994140625,0.9101069569587701,0.18811315298080403,0.733158528804779,0.120238125324249,720,12,8
1388.6845703125,0.26247107982635504,0.27178877592086703,0.5105984807014461,0.516612946987152,720,5,10
1428.8084716796875,0.6029000878334041,0.596549034118652,0.618183135986328,0.8647748827934261,724,10,11
1260.478271484375,0.594743013381958,0.48330819606781006,0.78012329339981,0.342976868152618,727,9,13
1349.43408203125,0.210643112659454,0.371593058109283,0.022106111049652002,0.748196065425872,727,1,2
1269.554931640625,0.40407282114028903,0.49823284149169905,0.16228437423706002,0.5285124778747551,731,5,2
1333.5943603515625,0.8394303321838371,0.39154928922653204,0.468750715255737,0.8195226192474361,731,13,7
1345.619873046875,0.6344252824783321,0.94707041978836,0.6665022969245911,0.28854501247406,736,11,9
1300.6256103515625,0.443392395973205,0.088050842285156,0.8781766891479491,0.30541062355041504,736,4,13
1345.3973388671875,0.086392819881439,0.5397934913635251,0.563630640506744,0.49947446584701505,738,2,9
1292.7716064453125,0.284494578838348,0.322850823402404,0.491640448570251,0.5935094356536861,738,5,6
1314.5421142578125,0.222188532352447,0.8359135389328001,0.207623362541198,0.131416261196136,743,3,0
1352.2093505859375,0.9095000624656671,0.11172664165496801,0.43144094944000205,0.690604269504547,744,12,6
1308.9306640625,0.856990694999694,0.9831027984619141,0.17178863286972001,0.9671750664710991,744,15,3
1341.5362548828125,0.889200925827026,0.742436230182647,0.6329807639122,0.8304192423820491,744,14,11
1312.771240234375,0.25237101316452004,0.49206691980361905,0.032489359378814,0.7482247948646541,746,5,2
1379.528076171875,0.24833148717880202,0.359517753124237,0.398740947246551,0.170612514019012,746,1,4
1378.832763671875,0.25142931938171303,0.7557827234268181,0.368692278861999,0.8366932868957521,746,7,7
1341.9698486328125,0.9095999002456661,0.015667557716369,0.717143654823303,0.295244693756103,747,12,9
1332.003662109375,0.5803372263908381,0.136731326580047,0.922667920589447,0.758594512939453,747,8,15
1372.4134521484375,0.34080964326858504,0.512262761592865,0.559036791324615,0.8332551121711731,747,6,11
1340.0738525390625,0.305899262428283,0.6497256755828851,0.32305651903152405,0.569129824638366,747,6,6
1432.6483154296875,0.830717980861663,0.8520061969757081,0.033970177173614,0.77764219045639,747,15,3
1325.2642822265625,0.233267724514007,0.495869755744934,0.051693916320800004,0.027490913867950002,747,1,0
1293.6929931640625,0.05467969179153401,0.17523080110549902,0.9510473012924191,0.8574362993240351,747,0,15
1382.921142578125,0.786744594573974,0.48792743682861306,0.9504406452178951,0.23807454109191803,748,13,12
1248.6767578125,0.727652668952941,0.324687242507934,0.692287743091583,0.151546537876129,749,9,8
1336.9107666015625,0.438136398792266,0.457642376422882,0.604955434799194,0.49688321352005005,749,5,9
1234.0,0.30062758922576904,0.33928674459457403,0.894871771335601,0.078975915908813,751,5,12
110.0,0.198164403438568,0.9528820514678951,0.30879127979278503,0.9181226491928101,751,3,7
504.0,0.305895268917083,0.30974161624908403,0.911603152751922,0.895861685276031,751,5,15
453.0,0.278081178665161,0.7764649987220761,0.30490708351135204,0.8067880868911741,752,7,7
770.0,0.9536170363426201,0.796480238437652,0.9785189032554621,0.7888305187225341,754,15,15
1350.0,0.12166774272918701,0.568620383739471,0.48102754354476907,0.719328522682189,757,2,6
872.0,0.17957454919815002,0.352232456207275,0.084028005599975,0.784204125404357,757,1,3
1356.0,0.120648384094238,0.7710409760475151,0.497427761554718,0.44834762811660706,759,3,5
476.0,0.7614309787750241,0.7011001110076901,0.9831220507621761,0.366081297397613,759,14,13
1029.0,0.24455964565277102,0.011222958564758,0.00387156009674,0.8526064157485961,759,0,3
526.0,0.48959279060363703,0.068830847740173,0.5776681900024411,0.8006287217140191,759,4,11
1267.0,0.8751723170280451,0.896761357784271,0.525956034660339,0.055773317813873007,767,15,8
921.0,0.6835358738899231,0.344373941421508,0.6910461187362671,0.881130158901214,767,9,11
76.0,0.6896287798881531,0.948851346969604,0.15192019939422602,0.956958413124084,768,11,3
237.0,0.086157977581024,0.8819527626037591,0.685393571853637,0.99079144001007,771,3,11
160.0,0.442960619926452,0.015408992767333,0.5609971880912781,0.6878367066383361,771,4,10
434.0,0.692473828792572,0.503833174705505,0.8228325843811031,0.802550315856933,772,10,15
905.0,0.45410794019699,0.6286349296569821,0.98931211233139,0.45707207918167103,772,6,13
979.0,0.9509179592132561,0.304326891899108,0.417971074581146,0.35176128149032504,773,13,5
489.0,0.84821081161499,0.9088864326477051,0.5310183167457581,0.45013612508773804,773,15,9
850.0,0.899216175079345,0.067716717720031,0.769965827465057,0.646150827407836,773,12,14
259.0,0.761162936687469,0.8035095930099481,0.28227853775024403,0.5808919668197631,779,15,6
578.0,0.604821622371673,0.5415688753128051,0.972441673278808,0.258797526359558,783,10,13
22.0,0.59907066822052,0.31743204593658403,0.20098048448562603,0.6799374222755431,783,9,2
421.0,0.7093237638473511,0.04823130369186401,0.11560332775115902,0.06716239452362001,783,8,0
524.0,0.11978578567504801,0.572645127773284,0.11648708581924401,0.8629675507545471,783,2,3
418.0,0.26311892271041804,0.395391047000885,0.797026395797729,0.956050813198089,784,5,15
797.0,0.546830058097839,0.268297433853149,0.24063318967819203,0.329599499702453,786,9,1
261.0,0.463310420513153,0.382387816905975,0.94258165359497,0.246869683265686,786,5,12
1288.0,0.224973320960998,0.08515352010726901,0.16000032424926702,0.116970956325531,786,0,0
436.0,0.19300645589828402,0.107673943042755,0.644086480140686,0.321976542472839,787,0,9
235.0,0.09939068555831901,0.11683720350265502,0.77865070104599,0.32474505901336603,789,0,13
567.0,0.32719624042510903,0.286138296127319,0.6849460005760191,0.6504105329513551,789,5,10
1338.0,0.168392360210418,0.802128911018371,0.8575858473777771,0.9074413180351251,790,3,15
1105.0,0.356171667575836,0.277796864509582,0.484461843967437,0.5171623826026911,790,5,6
819.0,0.29302704334259,0.9733360409736631,0.26994490623474104,0.8340131640434261,790,7,7
496.0,0.235791027545928,0.206370115280151,0.8390395045280451,0.9765526056289671,790,0,15
429.0,0.45282703638076705,0.35159170627593905,0.9438419938087461,0.278796195983886,793,5,13
804.0,0.056658625602722,0.547232031822204,0.5266231894493101,0.034055352210998,793,2,8
1098.0,0.750715434551239,0.22015887498855502,0.46938455104827803,0.668688833713531,794,12,6
1347.0,0.294841170310974,0.6630982160568231,0.34118580818176203,0.098438918590545,795,6,4
1018.0,0.354669094085693,0.9108366370201111,0.59386920928955,0.30807286500930703,796,7,9
1177.0,0.9773814678192131,0.177711248397827,0.044888198375701,0.274136185646057,797,12,1
735.0,0.0030735135078430002,0.46664726734161305,0.216509640216827,0.316812336444854,799,1,1
155.0,0.56423932313919,0.14569395780563302,0.7261140942573541,0.865172445774078,800,8,11
1385.0,0.26581293344497603,0.46304750442504805,0.16757220029830902,0.744514048099517,802,5,2
704.0,0.398383319377899,0.605660140514373,0.07915824651718101,0.49447488784790006,806,6,1
372.0,0.39061319828033403,0.799093186855316,0.825591623783111,0.471970319747924,806,7,13
29.0,0.29979813098907404,0.342374920845031,0.18573486804962103,0.8843274712562561,807,5,3
230.0,0.34589397907257,0.260115206241607,0.107187986373901,0.49511986970901406,807,5,1
7.0,0.351481854915618,0.791170001029968,0.354557216167449,0.43903237581253,808,7,5
1222.0,0.6935854554176331,0.011325240135192,0.5178344845771791,0.16855496168136502,809,8,8
243.0,0.704874455928802,0.093784272670745,0.6585898995399471,0.817193627357482,809,8,11
62.0,0.417137622833251,0.398360669612884,0.621101438999176,0.8819745779037471,809,5,11
1101.0,0.178031027317047,0.227671980857849,0.233489096164703,0.7472236752510071,809,0,2
1423.0,0.45866805315017706,0.028196275234222003,0.27380436658859203,0.44423490762710505,814,4,5
1264.0,0.389004230499267,0.45311182737350403,0.812920928001403,0.48253208398818903,816,5,13
660.0,0.516944527626037,0.24687129259109403,0.465565919876098,0.546086072921752,818,8,6
290.0,0.7794253826141351,0.40600323677062905,0.49807345867156905,0.939452290534973,818,13,7
323.0,0.547764778137207,0.622213542461395,0.8613144159317011,0.05864715576171801,818,10,12
894.0,0.734932124614715,0.484921097755432,0.40397286415100103,0.48467522859573303,821,9,5
463.0,0.626703023910522,0.511352360248565,0.7816619277000421,0.061026334762573006,821,10,12
800.0,0.25065940618515004,0.8864558339118951,0.06854641437530501,0.202814102172851,821,7,0
979.0,0.24003678560256902,0.5271120667457581,0.140668034553527,0.070906937122344,822,2,0
33.0,0.63904333114624,0.05463790893554601,0.535353302955627,0.083368837833404,822,8,8
258.0,0.9006295800209041,0.36100816726684504,0.5677918195724481,0.5850231051445001,822,13,10
651.0,0.35932970046997004,0.658479213714599,0.47288703918457003,0.620302498340606,823,6,6
798.0,0.9381109476089471,0.003568768501281,0.55043751001358,0.56834477186203,823,12,10
364.0,0.701906442642211,0.263704478740692,0.337386429309844,0.072716295719146,825,9,4
1362.0,0.904848337173461,0.080162286758422,0.36973881721496504,0.5424008369445801,826,12,6
1386.0,0.9716933965682981,0.6180784702301021,0.651699304580688,0.880064964294433,826,14,11
1078.0,0.998528897762298,0.375228524208068,0.5531267523765561,0.366694509983062,826,13,9
1385.0,0.8531946539878841,0.5948054194450371,0.503806591033935,0.383114457130432,827,14,9
152.0,0.021230995655059003,0.6025449037551881,0.678920865058898,0.122945487499237,831,2,8
1405.0,0.0014711022377010001,0.8064768314361571,0.667585909366607,0.683271706104278,832,3,10
790.0,0.145212829113006,0.07321768999099701,0.5069115161895751,0.5628924965858461,834,0,10
1101.0,0.6526908874511711,0.847386837005615,0.119002103805541,0.7113381624221801,834,11,2
609.0,0.092045128345489,0.080487549304962,0.336103916168212,0.27630877494812,834,0,5
1392.0,0.638721644878387,0.478061378002166,0.426830947399139,0.24179071187973003,835,9,4
316.0,0.831725120544433,0.8503378033638,0.327558875083923,0.9180797338485711,835,15,7
1413.0,0.21419119834899902,0.049106359481811,0.7890219092369081,0.822719693183898,838,0,15
1416.0,0.041628599166870006,0.278829038143157,0.989714622497558,0.550879955291748,838,1,14
1039.0,0.8365012407302851,0.545149207115173,0.9661010503768921,0.785300254821777,838,14,15
1259.0,0.777052283287048,0.8057398796081541,0.825560867786407,0.206367373466491,838,15,12
1242.0,0.37812817096710205,0.323696911334991,0.473202407360076,0.7133517861366271,838,5,6
550.0,0.539703488349914,0.503622591495513,0.8280758261680601,0.8916025757789611,844,10,15
974.0,0.45366185903549106,0.08369314670562701,0.454997241497039,0.7316818237304681,845,4,6
1335.0,0.555588841438293,0.7828730940818781,0.13937062025070102,0.9746257662773131,845,11,3
632.0,0.7356743216514581,0.371153354644775,0.219878315925598,0.180595278739929,845,9,0
1281.0,0.178439021110534,0.42620283365249606,0.8733361363410951,0.459335088729858,845,1,13
997.0,0.852407336235046,0.9944882392883301,0.5951496362686151,0.861704289913177,847,15,11
703.0,0.736943781375885,0.047687411308288005,0.978506326675415,0.160731196403503,849,8,12
154.0,0.81007182598114,0.49465239048004106,0.6139921545982361,0.608275294303894,851,13,10
781.0,0.346848785877227,0.34443980455398504,0.350095748901367,0.6020131707191461,851,5,6
1266.0,0.800119757652282,0.9571650028228761,0.6293811202049251,0.6129494905471801,855,15,10
987.0,0.5971105694770811,0.024443745613098002,0.593971252441406,0.7259699702262871,855,8,10
420.0,0.8871913552284241,0.14499336481094302,0.9836788773536681,0.8478626608848571,856,12,15
774.0,0.976284146308898,0.532212555408477,0.7959885001182551,0.320412039756774,858,14,13
29.0,0.518775820732116,0.948859870433807,0.266567707061767,0.9225854277610771,858,11,7
7.0,0.46117764711380005,0.522402644157409,0.7501980066299431,0.25341308116912803,859,6,13
472.0,0.41625201702117903,0.721851229667663,0.576301395893096,0.9043386578559871,859,6,11
1261.0,0.554153800010681,0.7150446176528931,0.8175476193428041,0.8176830410957331,860,10,15
1225.0,0.301731169223785,0.288228750228881,0.016899466514587,0.481519699096679,860,5,1
177.0,0.8801079988479611,0.016830623149871,0.9555426239967341,0.29344642162323,860,12,13
195.0,0.9550202488899231,0.5094780325889581,0.23453676700592002,0.271905481815338,860,14,1
529.0,0.341696918010711,0.461117327213287,0.7442027330398561,0.33974444866180403,860,5,9
16.0,0.003973782062530001,0.660955369472503,0.462078750133514,0.627482235431671,860,2,6
404.0,0.6328715085983271,0.259221255779266,0.6595165729522701,0.12470811605453401,863,9,8
1328.0,0.360494256019592,0.835170984268188,0.7798770070075981,0.712179541587829,865,7,14
474.0,0.818564057350158,0.22900980710983201,0.10973328351974401,0.665082454681396,865,12,2
34.0,0.27198451757431,0.036947429180145,0.22049480676651,0.331952154636383,866,4,1
1226.0,0.8938378691673271,0.657763659954071,0.444341242313385,0.811750173568725,867,14,7
1279.0,0.663246750831604,0.9012824892997741,0.07251900434494,0.18869054317474301,869,11,0
450.0,0.861713469028472,0.514633655548095,0.6949171423912041,0.8940303921699521,872,14,11
274.0,0.24068957567214902,0.616420567035675,0.628314435482025,0.031112074851989004,872,2,8
326.0,0.36748641729354803,0.188015758991241,0.388127863407135,0.222503542900085,873,4,4
621.0,0.43662798404693604,0.533472180366516,0.10981971025466901,0.09203898906707701,877,6,0
687.0,0.047300040721893005,0.055981338024139,0.8297215104103081,0.6353300809860231,877,0,14
943.0,0.514600276947021,0.28525400161743103,0.07297801971435501,0.8138885498046871,878,9,3
1096.0,0.111030101776123,0.87157529592514,0.196249961853027,0.39710628986358604,879,3,1
627.0,0.46090412139892506,0.8838124871253961,0.846160411834716,0.09648668766021701,879,7,12
627.0,0.6624260544776911,0.8562709689140321,0.6314480304718011,0.08065605163574201,881,11,8
556.0,0.555983424186706,0.797212779521942,0.84321129322052,0.940578579902648,881,11,15
330.0,0.997727155685424,0.21142727136611902,0.9710580706596371,0.30063581466674805,881,12,13
9.0,0.07160228490829401,0.5006166696548461,0.969847798347473,0.381426513195037,882,2,13
190.0,0.05330884456634501,0.553272724151611,0.6701446175575251,0.9166092276573181,883,2,11
368.0,0.860223352909088,0.267618119716644,0.482551872730255,0.19084513187408403,886,13,4
1420.0,0.49653083086013705,0.797151982784271,0.42769062519073403,0.24833196401596003,887,7,4
167.0,0.477069675922393,0.319747984409332,0.034709215164184,0.848054409027099,891,5,3
888.0,0.8492295742034911,0.7605487704277031,0.37368679046630804,0.896877825260162,891,15,7
624.0,0.8959332704544061,0.602699398994445,0.459453999996185,0.66377580165863,891,14,6
604.0,0.6801156401634211,0.109470665454864,0.5771570801734921,0.22499257326126101,891,8,8
189.0,0.493428349494934,0.24178326129913302,0.024290800094604003,0.9470407962799071,891,4,3
1213.0,0.574051439762115,0.7755554914474481,0.037604868412017003,0.22169691324234,891,11,0
1410.0,0.838783204555511,0.003100216388702,0.9802553653717041,0.08466523885726901,891,12,12
91.0,0.5580117106437681,0.794446468353271,0.557514071464538,0.46531051397323603,891,11,9
98.0,0.6262496113777161,0.9507196545600891,0.9887872338294981,0.026947736740112003,892,11,12
844.0,0.079656958580017,0.164427161216735,0.6849339604377741,0.8105607628822321,893,0,11
121.0,0.8035119175910951,0.11160385608673001,0.44853681325912403,0.043070435523986005,893,12,4
1230.0,0.497621893882751,0.019082188606262002,0.668864905834198,0.8023211359977721,894,4,11
582.0,0.39186787605285606,0.194880247116088,0.6015774607658381,0.303609609603881,894,4,9
942.0,0.580080032348632,0.536292850971221,0.12160712480545001,0.29444628953933705,895,10,1
889.0,0.535601735115051,0.99777752161026,0.777659595012664,0.5617846846580501,895,11,14
569.0,0.9959467649459831,0.5039491653442381,0.134143888950347,0.21646404266357402,897,14,0
1161.0,0.020473062992095,0.24926686286926203,0.08476817607879601,0.45699030160903903,898,0,1
110.0,0.42800652980804405,0.40206098556518505,0.16862863302230802,0.5818210244178771,899,5,2
1122.0,0.972641825675964,0.516473948955535,0.552117109298706,0.7595503330230711,899,14,11
10.0,0.6765501499176021,0.30898922681808405,0.6483166813850401,0.45740509033203103,899,9,9
756.0,0.224944114685058,0.758680164813995,0.956497251987457,0.5308453440666191,901,3,14
107.0,0.7084202170372,0.8126802444458001,0.19258886575698803,0.8373667001724241,902,11,3
844.0,0.890352427959442,0.7882862091064451,0.704828143119812,0.9700409770011901,902,15,11
219.0,0.7882587313652031,0.044910073280334,0.8305536508560181,0.11158001422882001,904,12,12
814.0,0.39084738492965704,0.9917890429496761,0.8767240643501281,0.8133269548416131,906,7,15
505.0,0.12031453847885101,0.6929295659065241,0.61365532875061,0.398610353469848,906,2,9
1057.0,0.25236845016479403,0.644053876399993,0.651158094406127,0.514962196350097,909,6,10
223.0,0.6467453837394711,0.143756926059722,0.322578907012939,0.30484724044799805,909,8,5
1087.0,0.47472196817398005,0.035643100738525,0.6221155524253841,0.09428006410598701,911,4,8
6.0,0.9464061260223381,0.38065326213836603,0.334633469581604,0.41673576831817605,911,13,5
1280.0,0.43219184875488204,0.6157757639884941,0.780758023262023,0.138843238353729,919,6,12
168.0,0.267594158649444,0.335885763168334,0.590930163860321,0.22072434425354,920,5,8
770.0,0.38475036621093706,0.362389147281646,0.432174205780029,0.723717629909515,921,5,6
3.0,0.8303086161613461,0.12443035840988101,0.011007070541381002,0.08259487152099601,922,12,0
1031.0,0.646051168441772,0.9963111877441401,0.7880722880363461,0.47044557332992504,923,11,13
982.0,0.13779753446578902,0.19183629751205403,0.132853925228118,0.9868584275245661,923,0,3
648.0,0.334056496620178,0.8771367669105531,0.6689352393150331,0.7526062726974481,925,7,11
154.0,0.978314578533172,0.8047616481781,0.9267022013664241,0.175389111042022,926,15,12
684.0,0.22123587131500203,0.081817984580993,0.7169610857963561,0.6688740253448481,926,0,10
87.0,0.830779373645782,0.77536803483963,0.014217257499694002,0.363704025745391,927,15,1
1284.0,0.17916619777679402,0.469653785228729,0.926756739616394,0.508122205734252,929,1,14
1130.0,0.31922101974487305,0.5380897521972651,0.9934251308441161,0.514736652374267,932,6,14
118.0,0.42392581701278603,0.801168859004974,0.73589414358139,0.137197732925415,932,7,8
762.0,0.7413754463195801,0.24659383296966503,0.52272880077362,0.18306803703308103,933,8,8
701.0,0.292570054531097,0.913223326206207,0.9879319071769711,0.259117364883422,933,7,13
477.0,0.16201657056808402,0.12292808294296201,0.9065777063369751,0.26747727394104004,933,0,13
624.0,0.205664038658142,0.9814241528511041,0.5950328111648561,0.332272112369537,933,3,9
650.0,0.21886241436004603,0.7174775600433351,0.7530242800712581,0.127384424209594,934,2,12
545.0,0.9964861273765561,0.6803429722785951,0.5284048318862911,0.412633121013641,936,14,9
800.0,0.702178657054901,0.200888097286224,0.42139273881912204,0.35291844606399503,937,8,5
553.0,0.053069233894348006,0.562843859195709,0.6812007427215571,0.09268587827682401,937,2,8
864.0,0.28164732456207203,0.307297646999359,0.510115563869476,0.657067954540252,941,5,10
1178.0,0.254898011684417,0.011171638965606,0.8894525766372681,0.132461547851562,941,4,12
968.0,0.649297535419464,0.21067982912063601,0.139916718006134,0.43490111827850303,944,8,1
406.0,0.059703886508941005,0.582549691200256,0.42180055379867504,0.950779497623443,945,2,7
903.0,0.675725817680358,0.20847135782241802,0.890638470649719,0.35963040590286205,945,8,13
226.0,0.9226325750350951,0.13275933265686002,0.265567541122436,0.054982304573059006,945,12,4
930.0,0.7923418879508971,0.38701760768890303,0.118512511253356,0.065706670284271,945,13,0
781.0,0.22330969572067202,0.634212791919708,0.70633453130722,0.334164500236511,945,2,9
652.0,0.8303503990173341,0.899055480957031,0.268783271312713,0.042270481586456,945,15,4
653.0,0.908177196979522,0.5340806841850281,0.9979841709136961,0.9245504736900331,946,14,15
1252.0,0.37005466222763,0.462882041931152,0.9382158517837521,0.9386526942253111,949,5,15
1392.0,0.9930543899536131,0.111417472362518,0.157766044139862,0.286897897720336,949,12,1
1100.0,0.5861740708351131,0.810634613037109,0.612390041351318,0.156453132629394,949,11,8
455.0,0.7559770941734311,0.285378038883209,0.288559794425964,0.23556452989578203,949,13,4
680.0,0.111489593982696,0.29131942987442,0.14653170108795102,0.790870189666748,952,1,3
1047.0,0.7368251085281371,0.8333531618118281,0.39842426776885903,0.070807933807373,952,11,4
1222.0,0.9162604212760921,0.5862299799919121,0.8610047101974481,0.209794282913208,953,14,12
449.0,0.419243097305297,0.03567349910736,0.155987858772277,0.42791920900344804,954,4,1
946.0,0.9741710424423211,0.354225218296051,0.585249543190002,0.352316558361053,955,13,9
288.0,0.6589615345001221,0.700541496276855,0.5537949204444881,0.688544809818267,955,10,10
1299.0,0.9404807686805721,0.118874549865722,0.372361183166503,0.755642473697662,958,12,7
101.0,0.610920190811157,0.47490793466567904,0.323837339878082,0.9163343906402581,960,9,7
1305.0,0.259754061698913,0.368355453014373,0.596768200397491,0.895371079444885,961,5,11
1412.0,0.663138031959533,0.025727570056915002,0.432236433029174,0.592486977577209,961,8,6
1037.0,0.732743084430694,0.35343998670578003,0.6727473735809321,0.19925165176391602,961,9,8
631.0,0.238771438598632,0.37044507265090904,0.874491989612579,0.8950416445732111,962,1,15
176.0,0.5414850115776061,0.48757427930831904,0.7619212269783021,0.5179173350334161,964,9,14
201.0,0.033056437969207,0.083264648914337,0.004453301429748,0.049614429473876,965,0,0
293.0,0.8712049722671501,0.6231005787849421,0.7326666116714471,0.5718916654586791,965,14,10
1434.0,0.6892202496528621,0.91976261138916,0.7781219482421871,0.22646492719650202,967,11,12
1148.0,0.32723343372344904,0.660872101783752,0.25411599874496404,0.8186284303665161,969,6,7
473.0,0.563670992851257,0.08921229839324901,0.970535576343536,0.66487181186676,970,8,14
1286.0,0.104743838310241,0.42620575428009005,0.6148247122764581,0.14966338872909501,970,1,8
227.0,0.708540320396423,0.018412292003631002,0.825710415840148,0.48915648460388106,970,8,13
120.0,0.09395200014114301,0.38815075159072804,0.559456765651702,0.7091937065124511,970,1,10
937.0,0.9225432872772211,0.506025373935699,0.9646950364112851,0.7408123016357421,971,14,14
153.0,0.34559410810470503,0.006201863288879001,0.775650143623352,0.8633872270584101,975,4,15
722.0,0.6480641365051271,0.23118519783020003,0.367944717407226,0.545141339302063,975,8,6
119.0,0.44067418575286804,0.444092750549316,0.579719185829162,0.5605200529098511,975,5,10
532.0,0.17273312807083102,0.60248863697052,0.6048458814620971,0.37518745660781805,975,2,9
444.0,0.16941750049591,0.908313632011413,0.135541439056396,0.05704927444458,975,3,0
590.0,0.24885827302932703,0.6634915471076961,0.38771349191665605,0.13064664602279602,976,2,4
583.0,0.218319177627563,0.500169038772583,0.624724030494689,0.475115358829498,976,2,9
240.0,0.698996305465698,0.65379649400711,0.9038647413253781,0.007530868053436001,981,10,12
145.0,0.23400461673736503,0.9126073122024531,0.281716227531433,0.8112192749977111,982,3,7
1051.0,0.09918951988220201,0.132297575473785,0.06239509582519501,0.088273406028747,982,0,0
969.0,0.40299254655838,0.240698873996734,0.194441974163055,0.269987344741821,985,4,1
925.0,0.38500171899795504,0.557400286197662,0.546600520610809,0.5449448227882381,987,6,10
476.0,0.273373544216156,0.134788572788238,0.5788447856903071,0.23392724990844702,987,4,8
237.0,0.7876569628715511,0.5706098675727841,0.5881052613258361,0.076601922512054,987,14,8
543.0,0.000846982002258,0.60439246892929,0.152770698070526,0.081888914108276,991,2,0
1118.0,0.9913551807403561,0.026730656623840002,0.9076630473136901,0.30107307434082003,991,12,13
1016.0,0.020663678646087,0.712773203849792,0.059062302112579006,0.7498504519462581,993,2,2
1182.0,0.556923389434814,0.417055487632751,0.99931800365448,0.094748258590698,993,9,12
10.0,0.0027392506599420003,0.207499980926513,0.33962094783782903,0.04886507987976001,993,0,4
676.0,0.7711791396141051,0.41320818662643405,0.07523041963577201,0.5061987638473511,993,13,2
239.0,0.6816720366477961,0.017709076404571002,0.39563173055648804,0.7955378293991081,994,8,7
208.0,0.012340188026428,0.753614366054534,0.532400608062744,0.349168181419372,997,3,9
98.0,0.9817057251930231,0.17023485898971502,0.8260340094566341,0.742711305618286,998,12,14
776.0,0.7430564761161801,0.303225398063659,0.826770544052124,0.746548414230346,998,9,14
899.0,0.215786099433898,0.8979579806327821,0.9534329175949091,0.725171327590942,998,3,14
887.0,0.035076797008514,0.7450510859489441,0.42889690399169905,0.7811446785926811,998,2,7
1166.0,0.7101473212242121,0.006847321987152001,0.24481779336929302,0.286276578903198,999,8,1
