,request_timestamp,x_start,y_start,x_end,y_end,rider_idx,trip_start_subblock_id,trip_end_subblock_id
0,437.478515625,0.6614336371421811,0.8950197100639341,0.32699632644653304,0.081308543682098,0,11,4
1,398.3539733886719,0.784955918788909,0.710759937763214,0.564322590827941,0.15683418512344302,0,14,8
2,459.2411193847656,0.293938159942626,0.281256973743438,0.5287649035453791,0.150964021682739,1,5,8
3,523.9281616210938,0.238073050975799,0.6405227780342101,0.653334200382232,0.757088303565979,6,2,11
4,442.0020751953125,0.698518455028533,0.8106303215026851,0.35124117136001504,0.635835826396942,6,11,6
5,380.91510009765625,0.880517482757568,0.36357170343399003,0.11279690265655501,0.120746850967407,7,13,0
6,573.8095092773438,0.7326479554176331,0.6079334020614621,0.48094236850738503,0.463895678520202,8,10,5
7,550.4252319335938,0.12959241867065402,0.771944046020507,0.23723274469375602,0.347030222415924,10,3,1
8,514.781494140625,0.15871518850326502,0.868285536766052,0.487781345844268,0.507117629051208,11,3,6
9,468.1268310546875,0.020401835441589,0.34972649812698303,0.8704171776771541,0.40501612424850403,11,1,13
10,481.480712890625,0.7288913726806641,0.7192611098289491,0.132846534252166,0.33764016628265303,13,10,1
11,592.2353515625,0.9284426569938661,0.430453956127166,0.29307019710540705,0.7508748173713681,15,13,7
12,344.6623229980469,0.9041900634765621,0.624915659427642,0.7883979678153991,0.483940422534942,15,14,13
13,444.51361083984375,0.5134314894676201,0.542900800704956,0.47195732593536305,0.0018097758293150001,15,10,4
14,444.52777099609375,0.5610662698745721,0.770129978656768,0.719973444938659,0.360463440418243,17,11,9
15,353.1297912597656,0.948829650878906,0.988710403442382,0.632484197616577,0.753469467163085,17,15,11
16,493.36187744140625,0.7105244398117061,0.367677092552185,0.7514320015907281,0.69718188047409,17,9,14
17,526.0520629882812,0.5714396238327021,0.9492337703704831,0.049258828163146,0.6933745741844171,18,11,2
18,448.2872314453125,0.7532077431678771,0.653838694095611,0.49055212736129705,0.40036612749099704,21,14,5
19,491.1457824707031,0.7174856066703791,0.8450606465339661,0.20239645242691,0.765968799591064,21,11,3
20,568.1195678710938,0.134088575839996,0.379059970378875,0.8959944248199461,0.936316907405853,21,1,15
21,491.7227783203125,0.49238455295562705,0.6475450992584221,0.271560728549957,0.296883106231689,22,6,5
22,534.6890258789062,0.668669342994689,0.6490739583969111,0.48830378055572504,0.0050887465476980006,25,10,4
23,401.365234375,0.5545719265937801,0.5210775136947631,0.379561841487884,0.8864329457283021,27,10,7
24,500.9416809082031,0.066863238811492,0.7702832818031311,0.952663600444793,0.924581468105316,28,3,15
25,456.26055908203125,0.8079866766929621,0.9228080511093141,0.9149422645568841,0.05833715200424101,29,15,12
26,435.7796936035156,0.09612911939620901,0.071725010871887,0.35754132270812905,0.8932228088378901,29,0,7
27,494.08087158203125,0.613377094268798,0.9289056658744811,0.216874957084655,0.7458342909812921,30,11,2
28,448.12060546875,0.36069762706756503,0.42522120475769004,0.8142380714416501,0.97457355260849,30,5,15
29,472.0279846191406,0.287798404693603,0.718995749950408,0.42246931791305503,0.881910324096679,31,6,7
30,522.3976440429688,0.014563798904418002,0.13130980730056702,0.457499504089355,0.002675414085388,32,0,4
31,640.5701904296875,0.038754522800445,0.17398977279663003,0.341162323951721,0.745535612106323,32,0,6
32,554.7142944335938,0.553185403347015,0.6380149722099301,0.9770731329917901,0.9894672632217401,32,10,15
33,436.66424560546875,0.23737233877182,0.34780222177505404,0.7575528621673581,0.22009128332138,33,1,12
34,460.1139221191406,0.8912052512168881,0.30711132287979104,0.48351931571960405,0.50139844417572,34,13,6
35,401.9822998046875,0.38284558057785,0.646674752235412,0.19070303440093903,0.5594296455383301,34,6,2
36,423.742919921875,0.017947733402252003,0.33628207445144603,0.22612434625625602,0.577878355979919,35,1,2
37,436.7655029296875,0.9927169084548951,0.900581121444702,0.9580910205841061,0.37138938903808505,35,15,13
38,465.0215759277344,0.49076277017593306,0.7706229090690611,0.40324705839157104,0.42907637357711703,36,7,5
39,537.9496459960938,0.8427243232727051,0.5374845266342161,0.547640562057495,0.704822897911071,37,14,10
40,456.572998046875,0.41602951288223206,0.619029760360717,0.17371129989624,0.6592082977294921,38,6,2
41,422.9259338378906,0.9458206892013551,0.13852012157440102,0.302636742591857,0.505023121833801,39,12,6
42,494.6964416503906,0.8446738123893731,0.257109940052032,0.486875653266906,0.7625625729560851,39,13,7
43,415.0009460449219,0.5083243250846861,0.20615959167480402,0.558038651943206,0.39374804496765103,40,8,9
44,490.5351867675781,0.585434734821319,0.14159971475601102,0.32385540008544905,0.855706095695495,41,8,7
45,449.75457763671875,0.945000708103179,0.8563268184661861,0.30600994825363104,0.180108487606048,41,15,4
46,376.1543273925781,0.7948276400566101,0.614822566509246,0.8624415993690491,0.19545304775238,42,14,12
47,365.22332763671875,0.7070952057838441,0.8761851787567131,0.001629471778869,0.8176185488700861,44,11,3
48,518.0968017578125,0.08005571365356401,0.5356623530387871,0.11932700872421201,0.47987067699432306,44,2,1
49,444.82354736328125,0.43153536319732605,0.27693611383438105,0.24540781974792403,0.520423233509063,44,5,2
50,591.1785278320312,0.601109683513641,0.8793482780456541,0.38764089345932,0.794074535369873,47,11,7
51,383.2449035644531,0.9148264527320861,0.37895530462265004,0.46494841575622503,0.17652565240859902,50,13,4
52,491.41131591796875,0.42439723014831504,0.9881729483604431,0.809653162956237,0.8767505884170531,52,7,15
53,414.13922119140625,0.09637302160263,0.208098351955413,0.269888520240783,0.79402470588684,53,0,7
54,443.1271057128906,0.576226353645324,0.50794780254364,0.8926070928573601,0.523791432380676,53,10,14
55,615.483154296875,0.40457731485366805,0.24921929836273102,0.8136852979660031,0.072555422782897,54,4,12
56,523.3226928710938,0.241807103157043,0.952894151210784,0.5507518053054811,0.333795607089996,54,3,9
57,432.2972106933594,0.7693037390708921,0.40353733301162703,0.8447209000587461,0.999957382678985,56,13,15
58,423.8193359375,0.797765254974365,0.424462854862213,0.175130367279052,0.5138535499572751,56,13,2
59,616.8828125,0.5794406533241271,0.943893730640411,0.260459959506988,0.8785965442657471,56,11,7
60,535.9288940429688,0.08159750699996901,0.47986274957656805,0.771133959293365,0.029349267482757003,57,1,12
61,473.82415771484375,0.18863546848297102,0.37627339363098106,0.9748213887214661,0.0020903348922720003,59,1,12
62,433.0921630859375,0.48822546005249,0.718496441841125,0.79339462518692,0.291622638702392,62,6,13
63,387.6234130859375,0.862864732742309,0.98085618019104,0.27526766061782804,0.621687173843383,63,15,6
64,466.4140319824219,0.23624515533447202,0.43135118484497004,0.087843656539916,0.9794043302536011,64,1,3
65,596.2145385742188,0.27194684743881203,0.6608535647392271,0.39119654893875105,0.18626457452774,64,6,4
66,424.2369384765625,0.45018625259399403,0.770118176937103,0.039450824260711004,0.373827636241912,65,7,1
67,463.1581115722656,0.375139534473419,0.6773660778999321,0.220119655132293,0.18614017963409402,65,6,0
68,523.9262084960938,0.5852505564689631,0.280751407146453,0.23607516288757302,0.129044950008392,65,9,0
69,462.8524475097656,0.28867846727371205,0.969243168830871,0.35105091333389205,0.8044609427452081,65,7,7
70,461.6727600097656,0.670825362205505,0.8854704499244691,0.510814011096954,0.8368171453475951,65,11,11
71,526.88818359375,0.920239686965942,0.119030177593231,0.69108635187149,0.7665112614631651,66,12,11
72,423.2566833496094,0.5122022628784181,0.871653139591217,0.315174281597137,0.96290898323059,67,11,7
73,513.1115112304688,0.833678245544433,0.731719493865966,0.7839883565902711,0.028702855110168003,68,14,12
74,466.5755615234375,0.700266420841217,0.7352577447891231,0.9539667367935181,0.32395809888839705,68,10,13
75,463.119384765625,0.17096388339996302,0.980564773082733,0.058154582977294006,0.7521484494209291,70,3,3
76,451.7150573730469,0.8435505032539361,0.17747712135314903,0.43884718418121305,0.15266865491867002,72,12,4
77,579.461669921875,0.640971899032592,0.960467398166656,0.06779706478118801,0.18280309438705403,72,11,0
78,415.4599609375,0.610240697860717,0.8999311923980711,0.32498514652252203,0.986521661281585,72,11,7
79,460.27618408203125,0.133267879486083,0.169078886508941,0.9839130640029901,0.553433716297149,72,0,14
80,511.2577209472656,0.24287563562393102,0.565833449363708,0.32521396875381403,0.041227519512176,73,2,4
81,432.0206298828125,0.865638256072998,0.704792261123657,0.131667494773864,0.49976283311843805,75,14,1
82,498.7739562988281,0.030161738395690002,0.937612771987915,0.44698566198349,0.525026798248291,78,3,6
83,381.1184997558594,0.669078111648559,0.815612316131591,0.6995974183082581,0.550197839736938,82,11,10
84,306.017578125,0.324895024299621,0.423446357250213,0.304651260375976,0.27574336528778004,84,5,5
85,523.3396606445312,0.60440993309021,0.60584020614624,0.524244427680969,0.85576331615448,85,10,11
86,455.70977783203125,0.9444614648818971,0.707529485225677,0.8103615641593931,0.327322900295257,86,14,13
87,446.92779541015625,0.034433424472808005,0.634911477565765,0.994392156600952,0.641051948070526,87,2,14
88,526.4338989257812,0.210694670677185,0.8400275707244871,0.045230567455291006,0.166666686534881,87,3,0
89,509.72186279296875,0.563594996929168,0.096669554710388,0.62919932603836,0.16825318336486803,87,8,8
90,592.7628173828125,0.9771811962127681,0.9296275973320001,0.9476386308670041,0.29188144207000705,88,15,13
91,459.4958190917969,0.361706376075744,0.9783275127410881,0.36389899253845204,0.13395506143569902,89,7,4
92,441.8515625,0.732154846191406,0.300223052501678,0.530519843101501,0.064778089523315,90,9,8
93,468.397216796875,0.15186256170272802,0.25018948316574,0.45473343133926303,0.33611249923706005,92,1,5
94,587.0562133789062,0.46817314624786305,0.582006454467773,0.9350321888923641,0.19345051050186102,93,6,12
95,493.36566162109375,0.26436287164688105,0.577389180660247,0.043711900711059,0.561229348182678,94,6,2
96,380.35357666015625,0.549263775348663,0.588687002658844,0.33546894788742004,0.9179055094718931,94,10,7
97,436.9147033691406,0.607937812805175,0.9019731879234311,0.261397957801818,0.22385817766189503,94,11,4
98,542.9114379882812,0.08196538686752301,0.481049597263336,0.667928636074066,0.008417785167694,94,1,8
99,531.7391357421875,0.22231876850128102,0.35819876194000205,0.47435623407363803,0.7902667522430421,94,1,7
100,475.0085144042969,0.14303034543991,0.539678394794464,0.2589693069458,0.813398301601409,95,2,7
101,568.8694458007812,0.510191917419433,0.42689090967178306,0.9386067986488341,0.957654893398284,95,9,15
102,434.3465576171875,0.531089186668396,0.696659505367279,0.43386304378509505,0.23276269435882502,96,10,4
103,527.948486328125,0.311528444290161,0.537134170532226,0.47421264648437506,0.7662885189056391,98,6,7
104,539.235595703125,0.39722055196762,0.24024146795272802,0.9952866435050961,0.255798459053039,99,4,13
105,351.93829345703125,0.322995007038116,0.8150814175605771,0.891323208808898,0.433457255363464,101,7,13
106,423.71246337890625,0.675547242164611,0.9740250706672661,0.028172671794891004,0.463234424591064,101,11,1
107,533.9174194335938,0.44921904802322304,0.48297536373138406,0.13910013437271102,0.674257695674896,101,5,2
108,539.52685546875,0.48533749580383306,0.738674104213714,0.9384156465530391,0.980306506156921,102,6,15
109,431.2523193359375,0.085418701171875,0.059872031211853007,0.7204930782318111,0.46906203031539906,103,0,9
110,448.3177490234375,0.6829973459243771,0.23885291814804002,0.32422995567321705,0.49171233177185003,104,8,5
111,501.8904113769531,0.060183882713317004,0.613542139530181,0.5424253344535821,0.747477233409881,106,2,10
112,488.3026428222656,0.6915708184242241,0.16556859016418402,0.05520802736282301,0.7734414935112001,106,8,3
113,474.86260986328125,0.029200851917266003,0.079331040382385,0.17912727594375602,0.21095204353332503,106,0,0
114,473.7331237792969,0.9676263332366941,0.8732881546020501,0.441361188888549,0.24628514051437303,107,15,4
115,484.0608215332031,0.22825676202774,0.742957532405853,0.172635078430175,0.9615228176116941,107,2,3
116,475.44110107421875,0.6956186294555661,0.708404541015625,0.8191839456558221,0.7854404449462891,107,10,15
117,511.005126953125,0.8501225113868711,0.30879682302474903,0.8158429265022271,0.7976627945899961,109,13,15
118,542.462158203125,0.869758605957031,0.09269505739212,0.24432265758514402,0.6849006414413451,110,12,2
119,428.42913818359375,0.326494872570037,0.45505028963088906,0.043649792671203,0.47225028276443404,111,5,1
120,446.7533874511719,0.39890491962432806,0.37090551853179904,0.9187618494033811,0.580910444259643,113,5,14
121,556.9631958007812,0.8072705268859861,0.46493566036224304,0.621589660644531,0.701834857463836,114,13,10
122,531.5213012695312,0.258409917354583,0.21703779697418202,0.49783301353454507,0.051113188266754005,114,4,4
123,342.08837890625,0.7201213836669921,0.14942842721939,0.381293058395385,0.05801200866699201,115,8,4
124,542.868896484375,0.728861629962921,0.7102222442626951,0.030895709991455002,0.045730650424957005,115,10,0
125,445.4665832519531,0.6167863607406611,0.8970904350280761,0.7421185970306391,0.18739551305770802,115,11,8
126,568.8873901367188,0.243753969669342,0.059416353702545006,0.5463066697120661,0.463268935680389,116,0,9
127,490.08013916015625,0.5158175230026241,0.6402484774589531,0.7020987868309021,0.12280720472335802,116,10,8
128,541.0510864257812,0.44688898324966403,0.24371677637100203,0.117595911026,0.21800178289413402,117,4,0
129,544.3541259765625,0.6616166830062861,0.7420408129692071,0.11481857299804601,0.158019125461578,118,10,0
130,384.53741455078125,0.392124414443969,0.6809033751487731,0.636520981788635,0.24905216693878102,119,6,8
131,469.74847412109375,0.48426431417465204,0.470569312572479,0.5387164950370781,0.42614191770553506,119,5,9
132,513.3670043945312,0.522407531738281,0.121330201625823,0.234586417675018,0.128980576992034,119,8,0
133,542.583740234375,0.5869200825691221,0.811955034732818,0.223009705543518,0.41902440786361606,126,11,1
134,526.0833740234375,0.9116157293319701,0.823670923709869,0.18211811780929502,0.428234755992889,126,15,1
135,534.2330932617188,0.7563096880912781,0.09557873010635301,0.546641170978546,0.5150234699249261,126,12,10
136,501.7269287109375,0.007768929004669,0.368358135223388,0.6028693318367,0.573339343070983,126,1,10
137,460.3651428222656,0.148755192756652,0.8691604733467101,0.8060898184776301,0.007495880126953001,128,3,12
138,374.6533508300781,0.5611774921417231,0.27210235595703103,0.745018720626831,0.164562940597534,129,9,8
139,459.9107360839844,0.9204103946685791,0.077933549880981,0.9169095754623411,0.5208806395530701,130,12,14
140,554.7559204101562,0.438770115375518,0.20214647054672202,0.7352969050407411,0.13850206136703402,133,4,8
141,449.1371154785156,0.367797791957855,0.466965794563293,0.38513040542602506,0.17941784858703602,133,5,4
142,441.32830810546875,0.943541586399078,0.715350329875946,0.9683391451835631,0.18782198429107602,134,14,12
143,434.5910339355469,0.08495438098907401,0.713761508464813,0.159298658370971,0.74830675125122,135,2,2
144,373.2366943359375,0.22259497642517,0.840350329875946,0.9070153832435601,0.7683022618293761,136,3,15
145,411.4746398925781,0.10280275344848601,0.021277666091918,0.5823512673377991,0.499100565910339,136,0,9
146,547.9368896484375,0.6482300162315361,0.407267868518829,0.9455205798149101,0.32104122638702304,139,9,13
147,422.51995849609375,0.12026321887969901,0.39920026063919,0.889561831951141,0.70557677745819,139,1,14
148,516.5,0.23853379487991302,0.5982504487037651,0.049489259719848,0.08706152439117401,139,2,0
149,420.739990234375,0.9865387082099911,0.66488242149353,0.528231143951416,0.129678666591644,141,14,8
150,457.58343505859375,0.610004484653472,0.861995458602905,0.93379145860672,0.856694638729095,141,11,15
151,469.1638488769531,0.139773190021514,0.38231617212295504,0.23314034938812203,0.224592506885528,145,1,0
152,560.2110595703125,0.612032830715179,0.173769176006317,0.703185200691223,0.440369784832,148,8,9
153,510.90216064453125,0.977446377277374,0.5767641067504881,0.569290697574615,0.9896160364151001,148,14,11
154,449.0301208496094,0.9077789783477781,0.917338550090789,0.28731811046600303,0.647956371307373,150,15,6
155,458.5220947265625,0.097261905670166,0.5515559315681451,0.8037667274475091,0.457690894603729,150,2,13
156,606.4405517578125,0.211583018302917,0.235010743141174,0.047537863254547,0.00044244527816700004,150,0,0
157,503.30731201171875,0.275892853736877,0.20154953002929601,0.217740535736083,0.047197520732879,151,4,0
158,438.3038330078125,0.409101545810699,0.164328098297119,0.43919008970260603,0.22879791259765603,151,4,4
159,549.9598999023438,0.007688403129577001,0.28832060098648005,0.48089438676834106,0.5741673707962031,151,1,6
160,482.6291809082031,0.6972663402557371,0.024201512336730003,0.13554608821868802,0.877779304981231,151,8,3
161,415.4538879394531,0.8824545741081231,0.069788873195648,0.8342074155807491,0.5840988159179681,152,12,14
162,419.55035400390625,0.69415259361267,0.8437222242355341,0.719756603240966,0.422954976558685,153,11,9
163,545.0953979492188,0.322975635528564,0.48902755975723206,0.14372342824935902,0.5364413261413571,154,5,2
164,595.8413696289062,0.176097929477691,0.547093987464904,0.050193607807159,0.32047927379608104,154,2,1
165,442.35235595703125,0.19988530874252303,0.601383626461029,0.45440661907196006,0.700560867786407,154,2,6
166,466.4474792480469,0.157032907009124,0.388294219970703,0.812724173069,0.617622792720794,155,1,14
167,444.516845703125,0.8510696887969971,0.10814636945724401,0.310209214687347,0.3100306391716,156,12,5
168,497.5956726074219,0.325047850608825,0.14715862274169902,0.8051768541336061,0.6033691763877861,156,4,14
169,432.8910217285156,0.8979682922363281,0.8758947253227231,0.24637120962142903,0.545207858085632,158,15,2
170,447.75787353515625,0.825677454471588,0.6305049657821651,0.145379960536956,0.735367357730865,159,14,2
171,447.7852783203125,0.834291458129882,0.664407968521118,0.617929756641387,0.312931060791015,159,14,9
172,452.7660827636719,0.38196545839309604,0.136065185070037,0.352861821651458,0.47475653886795005,160,4,5
173,637.02734375,0.028883635997772,0.189121961593627,0.8877431750297541,0.09068167209625201,161,0,12
174,449.00384521484375,0.7410949468612671,0.0052927136421200005,0.130165636539459,0.8497847318649291,161,8,3
175,458.1549072265625,0.9677990078926081,0.75692343711853,0.764395236968994,0.217762768268585,162,15,12
176,524.645263671875,0.607917964458465,0.958686649799346,0.9254822731018061,0.676959216594696,162,11,14
177,495.9654541015625,0.293738186359405,0.36881107091903603,0.13648527860641402,0.6263265609741211,163,5,2
178,395.4583740234375,0.6534016132354731,0.6586611866950981,0.288955271244049,0.708364367485046,164,10,6
179,387.247802734375,0.751278579235076,0.19208025932312,0.8404244184494011,0.09185659885406401,166,12,12
180,539.1233520507812,0.34015625715255704,0.816618859767913,0.48580676317214905,0.7423986792564391,167,7,6
181,491.5682678222656,0.556041121482849,0.346988916397094,0.30701279640197704,0.312996625900268,167,9,5
182,397.8180236816406,0.512436628341674,0.053659915924072,0.9512645602226251,0.8935988545417781,167,8,15
183,484.208984375,0.981646835803985,0.118514955043792,0.978059649467468,0.55363255739212,167,12,14
184,462.8374938964844,0.052867174148559,0.01912897825241,0.7792307138442991,0.743979334831237,168,0,14
185,437.0005798339844,0.8012751936912531,0.24953830242156902,0.373003721237182,0.8328607678413391,168,12,7
186,556.5248413085938,0.218855917453765,0.25418972969055104,0.5244147777557371,0.46607434749603205,168,1,9
187,411.6086730957031,0.071745038032531,0.603706955909729,0.453572630882263,0.4867604970932,169,2,5
188,556.6328125,0.21685791015625,0.8723114728927611,0.6160808205604551,0.22877186536788902,173,3,8
189,471.91802978515625,0.320854306221008,0.24842494726181003,0.776160597801208,0.36553442478179904,174,4,13
190,451.3973693847656,0.008241057395935001,0.033152043819427005,0.953343152999877,0.8660228848457331,175,0,15
191,453.4467468261719,0.119616329669952,0.964374303817749,0.792429327964782,0.41150629520416204,176,3,13
192,542.2623901367188,0.5573679208755491,0.28405785560607905,0.8244938850402831,0.6637224555015561,176,9,14
193,495.48138427734375,0.592642068862915,0.370745062828063,0.8460029363632201,0.568785607814788,177,9,14
194,487.32244873046875,0.39550381898880005,0.09456056356430001,0.731653273105621,0.740846931934356,178,4,10
195,429.7969055175781,0.42883896827697704,0.446546614170074,0.563106656074523,0.14366316795349102,178,5,8
196,592.8119506835938,0.45858639478683405,0.22556656599044803,0.084016859531402,0.7488771080970761,178,4,2
197,473.2587890625,0.138637006282806,0.5863186717033381,0.7929419875144951,0.909061849117279,178,2,15
198,527.7119750976562,0.5629174113273621,0.730376482009887,0.7956026196479791,0.26541596651077204,181,10,13
199,490.5624694824219,0.6223479509353631,0.617769360542297,0.5635164976119991,0.930845916271209,183,10,11
200,536.5702514648438,0.072014391422271,0.44774860143661505,0.974036991596221,0.596198379993438,183,1,14
201,400.28228759765625,0.699612319469451,0.057190954685211,0.8058403134346,0.541395485401153,185,8,14
202,490.3046569824219,0.073949575424194,0.616063117980957,0.430565237998962,0.8486172556877131,185,2,7
203,500.347900390625,0.9758546948432921,0.508160710334777,0.015325844287872,0.269725561141967,185,14,1
204,669.1070556640625,0.646156966686248,0.8005213737487791,0.7870458960533141,0.8267391324043271,188,11,15
205,466.73394775390625,0.019079864025115002,0.539803385734558,0.259468436241149,0.091404557228088,189,2,4
206,470.74127197265625,0.709222137928009,0.047759771347045,0.9801547527313231,0.784331023693084,190,8,15
207,453.5523681640625,0.149850189685821,0.9408302307128901,0.5504266619682311,0.527967035770416,191,3,10
208,548.7815551757812,0.696000158786773,0.518889784812927,0.756735026836395,0.342219531536102,193,10,13
209,408.6328430175781,0.07126659154891901,0.9022462964057921,0.12730282545089702,0.8652098774909971,194,3,3
210,453.9526672363281,0.8929584026336671,0.084559559822082,0.5134340524673461,0.99653673171997,195,12,11
211,484.86041259765625,0.878347992897033,0.578261077404022,0.907817125320434,0.42164778709411604,199,14,13
212,446.3912048339844,0.469855189323425,0.47197806835174505,0.051799774169921,0.7017605900764461,201,5,2
213,515.4881591796875,0.788728296756744,0.44553750753402704,0.539545536041259,0.07905113697052,203,13,8
214,449.7647705078125,0.12368983030319201,0.076490759849548,0.23716109991073603,0.31711935997009205,204,0,1
215,555.0966796875,0.87189769744873,0.697310030460357,0.8736458420753471,0.15497326850891102,206,14,12
216,445.86663818359375,0.12655532360076902,0.5732763409614561,0.558514952659606,0.541955947875976,206,2,10
217,360.77154541015625,0.8711716532707211,0.46705973148345903,0.16896897554397503,0.37287795543670604,207,13,1
218,549.1443481445312,0.5801955461502071,0.41765952110290505,0.556173264980316,0.831445455551147,209,9,11
219,445.9329833984375,0.227343201637268,0.660386264324188,0.476313769817352,0.167172253131866,210,2,4
220,473.7570495605469,0.38396024703979403,0.8288363814353941,0.29485720396041804,0.019423961639404002,211,7,4
221,521.325439453125,0.851187527179718,0.9264078736305231,0.6076311469078061,0.09861075878143301,211,15,8
222,550.3935546875,0.750476241111755,0.661145865917205,0.775533854961395,0.7718213796615601,212,14,15
223,475.55621337890625,0.130665898323059,0.78404289484024,0.19398921728134103,0.8094543218612671,212,3,3
224,444.2808837890625,0.412127196788787,0.49416196346282903,0.75403606891632,0.025075674057006003,214,5,12
225,456.34735107421875,0.291910350322723,0.701759219169616,0.918297946453094,0.615372717380523,214,6,14
226,440.55389404296875,0.20431828498840302,0.641023755073547,0.9564926028251641,0.9454225897789,214,2,15
227,375.8329162597656,0.034376978874206,0.238316297531127,0.41723412275314303,0.213434100151062,215,0,4
228,464.92218017578125,0.9944705367088311,0.88045310974121,0.612143218517303,0.16403639316558802,216,15,8
229,438.7481689453125,0.333131253719329,0.42689299583435003,0.257090628147125,0.6242316365242,220,5,6
230,517.0516967773438,0.927428364753723,0.509234368801116,0.22858303785324002,0.8219117522239681,221,14,3
231,526.0136108398438,0.022748470306396002,0.5194851756095881,0.973121583461761,0.554249286651611,221,2,14
232,395.52313232421875,0.33634454011917103,0.900140225887298,0.468322157859802,0.091316759586334,222,7,4
233,477.5665588378906,0.966887116432189,0.350385904312133,0.629927277565002,0.6654000878334041,223,13,10
234,490.072265625,0.12635749578475902,0.165915429592132,0.8512243628501891,0.766539394855499,223,0,15
235,451.8106994628906,0.336073100566864,0.6988644003868101,0.18766742944717402,0.21512913703918402,225,6,0
236,472.87353515625,0.29006707668304405,0.10528463125228801,0.6197705864906311,0.5373570919036861,226,4,10
237,500.2698669433594,0.9433234333992001,0.46947705745697005,0.32378786802291804,0.20402252674102703,226,13,4
238,429.9515686035156,0.0009234547615050001,0.77402514219284,0.5968474745750421,0.272781193256378,227,3,9
239,382.4988098144531,0.36690360307693404,0.636729598045349,0.906307458877563,0.060158729553222004,227,6,12
240,423.2162780761719,0.207060158252716,0.501336872577667,0.643443584442138,0.200250566005706,229,2,8
241,440.7577209472656,0.858467042446136,0.5831643342971801,0.7976019382476801,0.705562889575958,231,14,14
242,419.87945556640625,0.36040335893630904,0.7164397239685051,0.852108240127563,0.759046018123626,233,6,15
243,529.4661865234375,0.28585833311080905,0.9931914806365961,0.555094480514526,0.48216831684112504,233,7,9
244,496.8699645996094,0.48603874444961503,0.22635608911514202,0.867183923721313,0.065915942192077,235,4,12
245,499.0286865234375,0.600377440452575,0.565862715244293,0.779087424278259,0.24010145664215002,235,10,12
246,447.7565002441406,0.398762881755828,0.460219919681549,0.8683143258094781,0.52751749753952,237,5,14
247,502.9645690917969,0.18048936128616302,0.8715912699699401,0.6869377493858331,0.9998875260353081,237,3,11
248,416.85443115234375,0.6708985567092891,0.15209561586380002,0.344538629055023,0.310581147670745,238,8,5
249,536.1677856445312,0.593934774398803,0.5713679194450371,0.9038917422294611,0.8872517943382261,238,10,15
250,548.89892578125,0.9518029689788811,0.115155220031738,0.362525999546051,0.756621956825256,238,12,7
251,617.8182373046875,0.021061658859252003,0.6744081974029541,0.7373308539390561,0.6229507327079771,240,2,10
252,411.5840148925781,0.585149705410003,0.25345307588577204,0.9226912856101991,0.342871248722076,241,9,13
253,490.35662841796875,0.38456624746322604,0.8796829581260681,0.11330223083496001,0.607543110847473,242,7,2
254,499.1921081542969,0.665268778800964,0.871705651283264,0.298859417438507,0.12668502330780002,243,11,4
255,558.9571533203125,0.675966143608093,0.350108683109283,0.369227528572082,0.15714216232299802,247,9,4
256,499.5111389160156,0.8999220728874201,0.11172562837600701,0.6043820977210991,0.183864772319793,249,12,8
257,551.01953125,0.41878503561019903,0.699822962284088,0.9035462141036981,0.22141230106353701,249,6,12
258,992.2472534179688,0.9625461697578431,0.791480720043182,0.518414914608001,0.48857027292251504,255,15,9
259,946.0986328125,0.163645505905151,0.25240272283554,0.011576592922210001,0.6068902015686031,255,1,2
260,1064.425537109375,0.9881682991981501,0.13299596309661801,0.7666606903076171,0.262765824794769,256,12,13
261,1067.2620849609375,0.44127649068832403,0.826600670814514,0.273331642150878,0.409031987190246,256,7,5
262,1120.9013671875,0.039319932460784,0.814630329608917,0.43101495504379206,0.39722096920013406,257,3,5
263,1124.398193359375,0.047348618507385004,0.5472277402877801,0.552659630775451,0.984293818473815,258,2,11
264,1041.816162109375,0.898167669773101,0.631525218486785,0.184815645217895,0.9882541894912721,259,14,3
265,1023.6570434570312,0.48288148641586304,0.31722384691238403,0.26893365383148105,0.926271438598632,259,5,7
266,1078.6097412109375,0.508583545684814,0.8450906276702881,0.5805205702781671,0.06241452693939201,261,11,8
267,1039.03125,0.603878617286682,0.5094776749610901,0.826551139354705,0.8840695023536681,261,10,15
268,1144.1256103515625,0.950003266334533,0.316334187984466,0.8413755297660821,0.869089901447296,261,13,15
269,1047.1710205078125,0.43207770586013705,0.13941001892089802,0.387774169445037,0.120937228202819,262,4,4
270,1139.9598388671875,0.46304762363433805,0.7832350134849541,0.9213600158691401,0.37409484386444003,262,7,13
271,1126.0174560546875,0.886218786239624,0.196981132030487,0.9956260919570921,0.16133129596710202,262,12,12
272,1065.0391845703125,0.9085204005241391,0.45015126466751104,0.9898899793624871,0.542398989200592,262,13,14
273,977.4047241210938,0.40098452568054205,0.7241776585578911,0.330067992210388,0.59924566745758,262,6,6
274,991.492919921875,0.09695822000503501,0.017278373241424002,0.17617821693420402,0.8319261074066161,265,0,3
275,1061.3289794921875,0.630561530590057,0.753339171409606,0.6544420719146721,0.8160073757171631,267,11,11
276,1038.5419921875,0.895573079586029,0.122275173664093,0.748334467411041,0.24457830190658503,269,12,8
277,1056.69287109375,0.893839359283447,0.674611926078796,0.542534887790679,0.647315979003906,269,14,10
278,1117.7149658203125,0.34066534042358404,0.8519237041473381,0.9461336135864251,0.6001128554344171,270,7,14
279,1202.2864990234375,0.8249858021736141,0.8875488042831421,0.7019877433776851,0.33340078592300404,274,15,9
280,1030.097412109375,0.186983704566955,0.131157577037811,0.31602686643600403,0.815551042556762,276,0,7
281,1047.521728515625,0.289605021476745,0.40630847215652405,0.6469570398330681,0.909081876277923,276,5,11
282,1166.7406005859375,0.9382445216178891,0.904900729656219,0.388429820537567,0.032280683517456,279,15,4
283,1007.6754760742188,0.69554603099823,0.54610276222229,0.6394805312156671,0.033913910388946006,281,10,8
284,1040.0762939453125,0.49951338768005304,0.018284261226654,0.49504929780960005,0.041394829750061,281,4,4
285,1033.899169921875,0.20291727781295701,0.576564908027648,0.39156997203826904,0.375590622425079,283,2,5
286,1114.528564453125,0.967933356761932,0.42095863819122303,0.907103538513183,0.23996675014495802,285,13,12
287,1210.3465576171875,0.309937417507171,0.9691880941390991,0.28997790813446,0.45057857036590504,285,7,5
288,1184.9249267578125,0.364378273487091,0.19234126806259103,0.5169798731803891,0.441128253936767,285,4,9
289,1092.1865234375,0.125789880752563,0.648397624492645,0.19071143865585302,0.245354235172271,287,2,0
290,1076.421875,0.7668523788452141,0.7063160538673401,0.479154527187347,0.147630155086517,290,14,4
291,1082.379638671875,0.7482416033744811,0.013291358947753,0.11131989955902101,0.23955458402633603,290,8,0
292,1105.820556640625,0.06667286157608,0.7138851881027221,0.12974089384078902,0.6498590111732481,290,2,2
293,1008.1424560546875,0.55810546875,0.10061371326446501,0.256666362285614,0.272611558437347,291,8,5
294,1043.237060546875,0.351450979709625,0.23726755380630402,0.6765143871307371,0.11911535263061501,291,4,8
295,1103.9959716796875,0.23631280660629203,0.041335642337799,0.44888204336166304,0.55945873260498,292,0,6
296,1147.0233154296875,0.716150403022766,0.9021866321563721,0.013690531253814002,0.017198801040649,293,11,0
297,1093.6943359375,0.36252826452255205,0.9410567283630371,0.192237019538879,0.41885375976562506,294,7,1
298,1073.0831298828125,0.7131961584091181,0.507515311241149,0.5153924226760861,0.5670586228370661,294,10,10
299,1116.007080078125,0.7030061483383171,0.034653782844543006,0.6642552614212031,0.28246259689331005,295,8,9
300,1066.5208740234375,0.6222072839736931,0.351845026016235,0.08829396963119501,0.8121393918991081,296,9,3
301,1125.2623291015625,0.824409782886505,0.06220954656600901,0.5973820090293881,0.95149278640747,297,12,11
302,1111.59423828125,0.16885262727737402,0.521530508995056,0.5585944056510921,0.8170511722564691,298,2,11
303,1173.599609375,0.21736162900924602,0.381466388702392,0.9711503386497491,0.8620977997779841,298,1,15
304,1097.498779296875,0.56200498342514,0.6899778842926021,0.00015938282012900002,0.12291747331619202,302,10,0
305,1076.385498046875,0.344126939773559,0.9784741401672361,0.9666262269020081,0.708029806613922,303,7,14
306,1092.4239501953125,0.350392460823059,0.8975232243537901,0.7920954227447511,0.644271969795227,305,7,14
307,1116.319580078125,0.074257612228393,0.317468464374542,0.984554052352905,0.018009185791015,305,1,12
308,1103.427001953125,0.21413803100585901,0.302742063999176,0.18113350868225,0.9190147519111631,306,1,3
309,1073.798583984375,0.576087594032287,0.33763885498046803,0.8173995018005371,0.11667364835739101,307,9,12
310,1096.9879150390625,0.8082249760627741,0.310028135776519,0.34202480316162104,0.13518208265304502,309,13,4
311,990.0974731445312,0.8026076555252071,0.9749307036399841,0.853020548820495,0.347040057182312,309,15,13
312,1079.0445556640625,0.6091313362121581,0.280929267406463,0.191394925117492,0.16686737537384003,310,9,0
313,1168.822509765625,0.47175234556198103,0.47499072551727206,0.070885956287384,0.302611827850341,312,5,1
314,1152.2421875,0.10320895910263,0.594607055187225,0.7063608169555661,0.5941115021705621,312,2,10
315,999.2297973632812,0.8265531659126281,0.691852927207946,0.648978412151336,0.06938040256500201,313,14,8
316,1041.579833984375,0.21945738792419403,0.161519587039947,0.84492290019989,0.200090527534484,314,0,12
317,1122.6820068359375,0.49238079786300604,0.10206139087677,0.10186254978179901,0.39912599325180004,315,4,1
318,1028.3193359375,0.7382772564888,0.063279509544372,0.533652901649475,0.628567934036254,318,8,10
319,1146.0399169921875,0.831254065036773,0.15871524810791002,0.7794036865234371,0.5188390016555781,320,12,14
320,1016.8729858398438,0.9641196131706231,0.344190835952758,0.9893921017646791,0.6992498636245721,321,13,14
321,1029.219970703125,0.061735808849334,0.576829373836517,0.45742517709732006,0.025967299938201002,322,2,4
322,1016.8629150390625,0.9110743999481201,0.7616383433341981,0.160871744155883,0.040006339550018005,322,15,0
323,1053.916748046875,0.306382060050964,0.07460099458694401,0.6425405144691461,0.990948975086212,323,4,11
324,1002.7590942382812,0.19890767335891701,0.25742173194885204,0.580158174037933,0.7537880539894101,323,1,11
325,1020.6892700195312,0.561984241008758,0.217110216617584,0.71899676322937,0.8625181317329401,324,8,11
326,1150.305908203125,0.137628436088562,0.10168230533599801,0.32066375017166104,0.25009876489639205,325,0,5
327,1093.8421630859375,0.29690301418304405,0.6841744184494011,0.341810405254364,0.48127144575119,325,6,5
328,1091.229736328125,0.693281590938568,0.759317994117736,0.37045484781265203,0.33500856161117504,327,11,5
329,1131.5028076171875,0.7556069493293761,0.991521120071411,0.15075421333312902,0.527051627635955,327,15,2
330,1028.4552001953125,0.47981679439544606,0.928385734558105,0.11231583356857301,0.24281543493270802,328,7,0
331,1014.7600708007812,0.874139368534088,0.071047663688659,0.7370111346244811,0.8691184520721431,328,12,11
332,1097.779541015625,0.6243904232978821,0.66493535041809,0.5327041745185851,0.824018001556396,331,10,11
333,1182.275146484375,0.38606399297714206,0.665241420269012,0.9654425382614131,0.794465541839599,332,6,15
334,1009.2225952148438,0.9981700778007501,0.7875236868858331,0.7630170583724971,0.904906630516052,334,15,15
335,1007.2860717773438,0.9583857655525201,0.6876482963562011,0.3162562251091,0.49085777997970503,334,14,5
336,1100.6138916015625,0.9990912675857541,0.9089247584342951,0.551668107509613,0.189989924430847,336,15,8
337,1114.855712890625,0.211974203586578,0.42424559593200606,0.7940378785133361,0.574321627616882,336,1,14
338,1044.498046875,0.24631047248840302,0.42697697877883906,0.781817615032196,0.07439118623733501,337,1,12
339,1062.4986572265625,0.78519606590271,0.014183759689331001,0.817770183086395,0.087408781051635,337,12,12
340,1089.3951416015625,0.815376102924346,0.289076030254364,0.145409047603607,0.44272613525390603,338,13,1
341,1185.335693359375,0.9614908695220941,0.8528449535369871,0.34277361631393405,0.166341364383697,339,15,4
342,1037.999267578125,0.260626673698425,0.665646076202392,0.8179525136947631,0.72922283411026,340,6,14
343,1086.49462890625,0.135249078273773,0.14540666341781602,0.13510769605636502,0.873351454734802,342,0,3
344,1076.9210205078125,0.726948082447052,0.569632351398468,0.5395652055740351,0.551108181476593,343,10,10
345,1057.9293212890625,0.441999733448028,0.8477507233619691,0.108153879642486,0.70333856344223,343,7,2
346,1087.6695556640625,0.16876989603042603,0.6597101688385011,0.5764523744583131,0.365565240383148,345,2,9
347,1117.5513916015625,0.377611756324768,0.57768714427948,0.13303130865097001,0.649412810802459,346,6,2
348,1039.3199462890625,0.143484413623809,0.09350943565368601,0.8921521306037901,0.440182507038116,347,0,13
349,1179.3009033203125,0.29210060834884605,0.10806828737258901,0.771777331829071,0.47939372062683105,347,4,13
350,1112.6954345703125,0.23274725675582802,0.5327880382537841,0.05092674493789601,0.352332055568695,348,2,1
351,1108.430419921875,0.5156980752944941,0.9322727918624871,0.117525875568389,0.25263214111328103,349,11,1
352,1017.5625,0.823269009590148,0.385691821575164,0.7753325104713441,0.8803889155387871,349,13,15
353,1076.1700439453125,0.8895877003669731,0.49249130487442005,0.055949211120605004,0.6154294013977051,351,13,2
354,1095.84130859375,0.6489686369895931,0.9343289136886591,0.37682318687438904,0.048546433448791004,352,11,4
355,1078.232666015625,0.5147986412048341,0.5047006011009211,0.7426712512969971,0.4061861038208,352,10,9
356,1084.021484375,0.146223545074462,0.7166311144828791,0.735223591327667,0.716180682182312,355,2,10
357,1026.6927490234375,0.38876616954803406,0.015658259391784002,0.87934935092926,0.9482293128967281,356,4,15
358,1005.8222045898438,0.9515085220336911,0.30659943819046004,0.27327287197113004,0.176845133304595,356,13,4
359,1068.390625,0.9157311916351311,0.44906955957412703,0.00457090139389,0.8105147480964661,357,13,3
360,1107.8670654296875,0.7453616857528681,0.16818881034851002,0.742380440235137,0.77925044298172,357,8,11
361,981.8536376953125,0.789776921272277,0.906124234199523,0.539750456809997,0.6602211594581601,359,15,10
362,1154.24609375,0.484174907207489,0.027792811393737002,0.929437339305877,0.463347852230072,362,4,13
363,938.7662353515625,0.482469916343688,0.0101038813591,0.07102555036544801,0.070308029651641,362,4,0
364,1150.505615234375,0.752468228340148,0.23135679960250802,0.46156877279281605,0.39802867174148504,362,12,5
365,1065.957275390625,0.39945453405380205,0.643096983432769,0.203375995159149,0.8876926302909851,364,6,3
366,1011.7738037109375,0.8883697390556331,0.41455221176147405,0.9260925650596611,0.7140282392501831,365,13,14
367,1060.150634765625,0.8015065789222711,0.57637870311737,0.31772732734680104,0.22398954629898002,366,14,4
368,1125.2093505859375,0.879721462726593,0.10770279169082601,0.18591254949569702,0.7830708622932431,367,12,3
369,1075.23291015625,0.43820971250534,0.7721042037010191,0.21966838836669902,0.9660807847976681,369,7,3
370,1076.0474853515625,0.9476026892662041,0.525187134742736,0.35681074857711703,0.937260448932647,370,14,7
371,1072.8875732421875,0.8453515768051141,0.18293148279190002,0.983774900436401,0.373664140701293,370,12,13
372,1030.32177734375,0.659079074859619,0.45849043130874606,0.679667592048645,0.624197721481323,371,9,10
373,1049.203857421875,0.9206129908561701,0.5480241179466241,0.9200307130813591,0.27935677766799905,371,14,13
374,1030.2052001953125,0.159580409526824,0.26873701810836703,0.11557650566101,0.306739926338195,373,1,1
375,1179.111083984375,0.351643860340118,0.379818558692932,0.9578831195831291,0.9483035206794731,374,5,15
376,1064.2716064453125,0.5694029331207271,0.757384657859802,0.6528796553611751,0.163899183273315,374,11,8
377,1108.3359375,0.824778318405151,0.856605768203735,0.6716872453689571,0.6081528663635251,376,15,10
378,1053.8946533203125,0.617029547691345,0.292986154556274,0.38195669651031405,0.30640953779220503,378,9,5
379,1261.0162353515625,0.30965423583984303,0.709494233131408,0.364026129245758,0.9803975224494931,379,6,7
380,1149.3975830078125,0.07916110754013,0.396251082420349,0.25160562992095903,0.17188566923141402,379,1,4
381,1199.72119140625,0.323851227760314,0.672729134559631,0.5791110396385191,0.013120412826538001,380,6,8
382,1149.40234375,0.09978395700454701,0.397222101688385,0.276110351085662,0.24870723485946603,380,1,4
383,1103.0294189453125,0.030337035655975002,0.151781022548675,0.844762086868286,0.549307942390441,382,0,14
384,990.845703125,0.460595965385437,0.036510705947875005,0.5057518482208251,0.617558062076568,383,4,10
385,1092.5965576171875,0.6143027544021601,0.6164529919624321,0.7621550559997551,0.906953811645507,383,10,15
386,1103.8525390625,0.18626552820205602,0.8382764458656311,0.7761595845222471,0.560207188129425,383,3,14
387,1088.9473876953125,0.7664161324501031,0.49783444404602006,0.921022474765777,0.289847731590271,383,13,13
388,1054.89111328125,0.42166274785995406,0.9749878644943231,0.20810729265213002,0.846418559551239,384,7,3
389,995.0103149414062,0.65218162536621,0.27759945392608604,0.38768833875656106,0.8337242603302001,385,9,7
390,1046.5791015625,0.48821747303009005,0.8683704733848571,0.9321662783622741,0.49389541149139404,386,7,13
391,966.5431518554688,0.433271527290344,0.7479692101478571,0.6088350415229791,0.37707722187042203,386,6,9
392,1046.067138671875,0.255957245826721,0.8484426140785211,0.081190824508666,0.774449944496154,388,7,3
393,1072.5784912109375,0.11282563209533601,0.439912974834442,0.09607738256454401,0.5409412980079651,388,1,2
394,1105.9449462890625,0.7585843801498411,0.7612172961235041,0.015814542770385,0.964185297489166,389,15,3
395,1159.0733642578125,0.5813029408454891,0.560481905937194,0.49997526407241805,0.20391499996185303,392,10,4
396,1221.9501953125,0.474733591079711,0.55832415819168,0.32051831483840904,0.583764672279357,393,6,6
397,989.7167358398438,0.19275599718093803,0.41332167387008606,0.964229524135589,0.5123828649520871,393,1,14
398,1008.8977661132812,0.225866556167602,0.36532837152481,0.9583525657653801,0.8492374420166011,395,1,15
399,1079.527587890625,0.015181839466094001,0.174187242984771,0.819640696048736,0.485471725463867,396,0,13
400,1111.1298828125,0.5385474562644951,0.76611316204071,0.741057336330413,0.134426295757293,396,11,8
401,1126.161376953125,0.8045078516006471,0.39954864978790205,0.5006082057952881,0.044981360435485,397,13,8
402,1060.98828125,0.87525451183319,0.18329238891601501,0.38805502653121904,0.773462235927581,397,12,7
403,998.0444946289062,0.129839062690734,0.33390676975250205,0.679048120975494,0.811585903167724,397,1,11
404,1113.1983642578125,0.5895474553108211,0.9932196736335751,0.6345078349113461,0.6753907799720761,398,11,10
405,1124.452392578125,0.801978945732116,0.922790050506591,0.07386821508407501,0.7030510902404781,399,15,2
406,966.4525756835938,0.8739217519760131,0.574776351451873,0.506604790687561,0.08120179176330501,400,14,8
407,1127.3038330078125,0.615477263927459,0.9646976590156551,0.607640087604522,0.761485576629638,400,11,11
408,1131.7762451171875,0.37713885307312,0.5801266431808471,0.973626196384429,0.20369732379913302,400,6,12
409,1042.6839599609375,0.590811729431152,0.316128194332122,0.9206054210662841,0.36733037233352606,400,9,13
410,1175.544189453125,0.689274191856384,0.336196541786193,0.34178191423416104,0.98026818037033,401,9,7
411,1126.0277099609375,0.9780313968658441,0.964462459087371,0.8877571225166321,0.010666012763977,402,15,12
412,1169.960693359375,0.631890356540679,0.9250436425209041,0.05772173404693601,0.340166509151458,403,11,1
413,1224.04638671875,0.7955967187881471,0.005935072898864,0.792294085025787,0.577739298343658,404,12,14
414,1079.759033203125,0.861335337162017,0.6561486124992371,0.8197553157806391,0.40043246746063205,405,14,13
415,1014.406982421875,0.06764894723892201,0.284563422203063,0.6852121353149411,0.394436478614807,406,1,9
416,1037.97802734375,0.595708131790161,0.635769486427307,0.654343605041503,0.9738251566886901,406,10,11
417,1126.6673583984375,0.061471879482269,0.25707793235778803,0.9566736817359921,0.8516542911529541,407,1,15
418,1056.353515625,0.10028851032257001,0.8110025525093071,0.637598037719726,0.801728844642639,408,3,11
419,1138.672607421875,0.9130439758300781,0.563566923141479,0.258047699928283,0.9600117206573481,410,14,7
420,1103.6422119140625,0.7160268425941461,0.53462266921997,0.7970524430274961,0.881379783153533,412,10,15
421,1131.5399169921875,0.835382342338562,0.836119711399078,0.23584467172622603,0.022746682167053,412,15,0
422,1035.9888916015625,0.471318781375885,0.05488097667694,0.24033313989639202,0.24236315488815302,413,4,0
423,1018.9683227539062,0.25075072050094604,0.16743224859237602,0.37993133068084706,0.0015241503715510002,414,4,4
424,1188.3680419921875,0.572975158691406,0.45384114980697604,0.571959912776947,0.5566440820693971,415,9,10
425,1039.922119140625,0.17698979377746502,0.883945822715759,0.8358193039894101,0.7137152552604671,416,3,14
426,1065.79052734375,0.768081724643707,0.08074539899826001,0.703429639339447,0.95967149734497,419,12,11
427,1088.5523681640625,0.065218448638916,0.858827590942382,0.23357939720153803,0.69979178905487,420,3,2
428,1006.5151977539062,0.7877679467201231,0.342573046684265,0.699084401130676,0.257138431072235,421,13,9
429,1063.82080078125,0.170857310295104,0.164957225322723,0.17238646745681702,0.8776918053627011,421,0,3
430,991.9605712890625,0.23714160919189403,0.16794592142105103,0.33403187990188604,0.21964615583419803,421,0,4
431,1024.2608642578125,0.07002645730972201,0.9129613041877741,0.5161052942276,0.9667113423347471,422,3,11
432,1011.174560546875,0.156629920005798,0.311291337013244,0.996284365653991,0.880431771278381,423,1,15
433,1099.0411376953125,0.8241392374038691,0.12160891294479301,0.564447879791259,0.09034246206283501,424,12,8
434,1090.267333984375,0.690856754779815,0.091154277324676,0.7808450460433961,0.38508880138397206,426,8,13
435,1111.3173828125,0.20111334323883,0.48476457595825106,0.9201088547706601,0.18521547317504802,426,1,12
436,1047.008056640625,0.5356587767601011,0.5364226102828981,0.35195964574813804,0.7308129072189331,427,10,6
437,1088.860107421875,0.797698199748992,0.3801891207695,0.880525827407836,0.700544774532318,428,13,14
438,1134.518798828125,0.077980756759643,0.07294338941574001,0.08150666952133101,0.040952682495117,434,0,0
439,1144.8016357421875,0.727685391902923,0.105859160423278,0.8430299758911131,0.604785859584808,434,8,14
440,967.67236328125,0.9685336947441101,0.216934561729431,0.615569293498992,0.20898729562759402,435,12,8
441,1067.1468505859375,0.25378721952438305,0.05663335323333701,0.026494026184082003,0.7729467153549191,437,4,3
442,1139.612548828125,0.21137744188308702,0.48153126239776606,0.277132272720336,0.992786049842834,437,1,7
443,1009.7785034179688,0.980007588863372,0.008068561553955,0.7110411524772641,0.561181366443634,438,12,10
444,1098.4736328125,0.43043017387390103,0.7146608233451841,0.422919332981109,0.026286482810974003,440,6,4
445,1112.412353515625,0.22507816553115803,0.9853875041007991,0.7869430780410761,0.09739494323730401,440,3,12
446,1107.593994140625,0.84425151348114,0.42127448320388705,0.9291661977767941,0.41999614238739,441,13,13
447,992.5377197265625,0.7757738828659051,0.328652083873748,0.52176958322525,0.9941210746765131,441,13,11
448,1023.0933837890625,0.531515657901763,0.648295700550079,0.8223823308944701,0.23835486173629702,442,10,12
449,1005.1577758789062,0.7228378653526301,0.277574956417083,0.41791671514511103,0.24214237928390503,442,9,4
450,951.881103515625,0.390062808990478,0.088592886924743,0.392852306365966,0.533788561820983,443,4,6
451,1053.1485595703125,0.7678589224815361,0.65907335281372,0.23026007413864102,0.6901801824569701,443,14,2
452,1077.1343994140625,0.190822780132293,0.8908082842826841,0.9668940901756281,0.412545919418334,443,3,13
453,1063.2388916015625,0.9496492743492121,0.7444291710853571,0.906209886074066,0.177893757820129,444,14,12
454,1081.92822265625,0.449267089366912,0.194986224174499,0.22623729705810502,0.582047998905181,444,4,2
455,1082.281494140625,0.923824191093444,0.6679084897041321,0.05599421262741001,0.8381876349449151,445,14,3
456,1114.9720458984375,0.646308958530426,0.964759647846221,0.40012007951736406,0.44118070602416903,446,11,5
457,993.04833984375,0.23979246616363503,0.743172287940979,0.266942501068115,0.07890856266021701,447,2,4
458,1005.2030639648438,0.47379356622695906,0.46471637487411505,0.41912835836410506,0.529659390449523,447,5,6
459,1068.042724609375,0.41199392080307,0.279912650585174,0.07955873012542701,0.77107173204422,447,5,3
460,1005.2486572265625,0.70077759027481,0.396117866039276,0.728273868560791,0.7577998042106621,448,9,11
461,1133.429931640625,0.08759385347366301,0.09987407922744701,0.27462488412857,0.9660796523094171,448,0,7
462,1077.76953125,0.733885884284973,0.8424267172813411,0.11398351192474301,0.9131086468696591,449,11,3
463,1122.3450927734375,0.5122858881950371,0.47813689708709706,0.69348919391632,0.6159178614616391,449,9,10
464,1131.8397216796875,0.20459884405136103,0.677547991275787,0.526502013206481,0.290611684322357,450,2,9
465,1027.883056640625,0.5401485562324521,0.9602248668670651,0.667923986911773,0.30386239290237405,450,11,9
466,1087.12353515625,0.5938892364501951,0.12064057588577201,0.18585300445556602,0.66959935426712,452,8,2
467,1073.067626953125,0.7961134314537041,0.9029330015182491,0.837296068668365,0.7481419444084161,454,15,14
468,1120.4273681640625,0.80375462770462,0.331448554992675,0.45672237873077304,0.708501160144805,455,13,6
469,1057.4017333984375,0.140894472599029,0.29256290197372403,0.45386010408401406,0.33127981424331604,455,1,5
470,971.3820190429688,0.9996038079261781,0.046130299568176006,0.47308218479156405,0.7300644516944881,458,12,6
471,1058.783203125,0.46299046277999806,0.17584025859832703,0.395418584346771,0.21040898561477603,459,4,4
472,1008.1204223632812,0.557550251483917,0.964077115058898,0.99153196811676,0.055079460144042004,459,11,12
473,1038.3323974609375,0.664069771766662,0.34361058473587003,0.6379130482673641,0.666486859321594,459,9,10
474,1166.2855224609375,0.691874384880065,0.49300295114517206,0.48357373476028404,0.486890852451324,460,9,5
475,1014.1023559570312,0.672758758068084,0.677659213542938,0.672327280044555,0.193204522132873,461,10,8
476,1067.6624755859375,0.37170052528381303,0.50798088312149,0.139030396938323,0.8763326406478881,462,6,3
477,1088.0714111328125,0.423095703125,0.8519486784934991,0.774119138717651,0.158685863018035,462,7,12
478,1031.8809814453125,0.5802872180938721,0.42647629976272505,0.551474928855896,0.19802403450012201,464,9,8
479,1068.858154296875,0.6188173890113831,0.153015732765197,0.322977244853973,0.240435242652893,465,8,4
480,1050.3304443359375,0.324739634990692,0.555111646652221,0.7964144349098201,0.7764874100685121,466,6,15
481,1290.386474609375,0.5539171695709221,0.701748788356781,0.9613907933235161,0.37373405694961503,467,10,13
482,1051.55322265625,0.20993399620056102,0.5014874935150141,0.9888731837272641,0.064734578132629,471,2,12
483,1017.0510864257812,0.8512305617332451,0.9644897580146791,0.882831394672393,0.945442259311676,473,15,15
484,1044.27880859375,0.8781153559684751,0.5466951727867121,0.034696578979492,0.9857215881347651,474,14,3
485,1021.0926513671875,0.004331290721893,0.350539743900299,0.5732818245887751,0.636273860931396,475,1,10
486,991.7137451171875,0.40273487567901606,0.6498365402221681,0.9957004189491271,0.013860523700714,475,6,12
487,972.3674926757812,0.42928034067153903,0.7960205078125,0.382294476032257,0.562130033969879,476,7,6
488,1140.045166015625,0.5144602656364441,0.21568250656127902,0.140105962753295,0.7197529077529901,479,8,2
489,1177.6070556640625,0.804099082946777,0.416275799274444,0.168786406517028,0.46274322271347,480,13,1
490,1037.2413330078125,0.9808048009872431,0.27013516426086404,0.20809471607208202,0.5788688659667961,482,13,2
491,1084.1087646484375,0.8918906450271601,0.8548207879066461,0.9639595150947571,0.5228780508041381,483,15,14
492,977.9240112304688,0.41412973403930603,0.6288657188415521,0.697592794895172,0.707207679748535,484,6,10
493,1183.7308349609375,0.9057478308677671,0.450849592685699,0.8303309679031371,0.36518305540084806,485,13,13
494,1004.90966796875,0.016232609748840002,0.8327111005783081,0.380722880363464,0.9017921686172481,486,3,7
495,1065.6427001953125,0.16745841503143302,0.8220858573913571,0.10481864213943401,0.307410061359405,486,3,1
496,1001.2761840820312,0.679322838783264,0.8445822000503541,0.38596439361572205,0.507636964321136,486,11,6
497,1033.3426513671875,0.6222177147865291,0.21359544992446902,0.29541003704071,0.28610706329345703,486,8,5
498,1084.2110595703125,0.6669739484786981,0.8011811375617981,0.273842513561248,0.058258473873138004,486,11,4
499,1163.010986328125,0.44474697113037104,0.20754963159561102,0.9833436608314511,0.8946038484573361,487,4,15
500,1071.4827880859375,0.604678094387054,0.022919356822967002,0.236867547035217,0.7637162208557121,488,8,3
501,1172.8111572265625,0.434207737445831,0.5320861935615541,0.42125129699707003,0.45588326454162603,489,6,5
502,1119.14697265625,0.268284976482391,0.45236206054687506,0.771717071533203,0.012366831302642002,489,5,12
503,1006.146484375,0.038602352142333006,0.202444374561309,0.28745669126510603,0.22738027572631803,490,0,4
504,978.263671875,0.728633642196655,0.5410472154617311,0.55377173423767,0.9922011494636531,492,10,11
505,1200.63232421875,0.23575311899185103,0.43757939338684004,0.32211369276046703,0.008305430412292,492,1,4
506,1079.7686767578125,0.33917897939682,0.8100785613059991,0.29106307029724104,0.07022798061370801,495,7,4
507,1088.95703125,0.495441317558288,0.227483391761779,0.216337442398071,0.19659578800201402,497,4,0
508,1076.1612548828125,0.9108344912528991,0.8436166644096371,0.9465386271476741,0.14922285079956002,497,15,12
509,1064.8546142578125,0.5810831785202021,0.44940090179443304,0.322670459747314,0.8564015030860901,499,9,7
510,1155.2825927734375,0.08478724956512401,0.444825112819671,0.01586490869522,0.30154067277908303,499,1,1
511,1051.1490478515625,0.7095569372177121,0.038033366203308,0.30404973030090304,0.288459181785583,499,8,5
512,1256.96728515625,0.24701148271560602,0.652119040489196,0.849117815494537,0.38222181797027505,500,2,13
513,1268.706298828125,0.406487941741943,0.73809802532196,0.92821204662323,0.124516069889068,501,6,12
514,1391.681640625,0.8113598227500911,0.80023968219757,0.39691853523254306,0.551889657974243,503,15,6
515,1294.2381591796875,0.316921591758728,0.347235739231109,0.7205121517181391,0.5757229328155511,503,5,10
516,1419.5897216796875,0.104586124420166,0.9557940363883971,0.131933808326721,0.774490416049957,503,3,3
517,1341.86767578125,0.5499860644340511,0.9919048547744751,0.5290840268135071,0.526858448982238,507,11,10
518,1243.96923828125,0.502634763717651,0.33887857198715204,0.44335526227951005,0.8710615634918211,508,9,7
519,1295.6995849609375,0.636723816394805,0.568385779857635,0.9854111075401301,0.11447453498840302,509,10,12
520,1238.36572265625,0.6704716086387631,0.275933980941772,0.25708645582199,0.444551825523376,509,9,5
521,1210.954833984375,0.066740930080413,0.0009645819664000001,0.8340986371040341,0.324212908744812,511,0,13
522,1325.59228515625,0.27543306350708,0.049548506736755,0.174423158168792,0.348986506462097,512,4,1
523,1371.468017578125,0.305191874504089,0.24025464057922302,0.636312544345855,0.20396929979324302,514,4,8
524,1286.2974853515625,0.828948140144348,0.8000581264495851,0.69815993309021,0.32868033647537204,515,15,9
525,1337.19873046875,0.7190060615539551,0.028921723365783,0.8424460887908931,0.525830507278442,516,8,14
526,1240.6234130859375,0.09703516960144001,0.41007184982299805,0.27994102239608704,0.970308184623718,516,1,7
527,1317.1119384765625,0.38913989067077603,0.15447735786437902,0.5658243894577021,0.014895558357238001,517,4,8
528,1355.279541015625,0.9789791107177731,0.280690312385559,0.8675379753112791,0.36857640743255604,517,13,13
529,1252.97509765625,0.09247082471847501,0.508212089538574,0.878322482109069,0.37514054775238004,518,2,13
530,1384.17626953125,0.39411783218383706,0.704868912696838,0.035359561443328004,0.878994107246398,519,6,3
531,1338.3892822265625,0.012185096740722,0.683850646018981,0.141568660736083,0.041559338569641,519,2,0
532,1305.7681884765625,0.945921778678894,0.9871025681495661,0.955623686313629,0.014805912971496001,520,15,12
533,1409.75,0.6757463216781611,0.650200724601745,0.47410315275192205,0.981863319873809,523,10,7
534,1367.1583251953125,0.8115048408508301,0.51823890209198,0.781673550605773,0.762313961982727,526,14,15
535,1277.340087890625,0.327518701553344,0.39665502309799106,0.314953565597534,0.07486599683761501,527,5,4
536,1321.71484375,0.13565921783447202,0.31818479299545205,0.5322608947753901,0.549526274204254,528,1,10
537,1390.612548828125,0.6452196240425111,0.23801177740097001,0.639086723327636,0.5578593015670771,528,8,10
538,1211.328369140625,0.38110768795013406,0.56395798921585,0.22714585065841603,0.7534906864166261,528,6,3
539,1311.1346435546875,0.080917000770568,0.5696775913238521,0.8589206337928771,0.9869028329849241,530,2,15
540,1417.0771484375,0.40558063983917203,0.40634483098983704,0.9188451170921321,0.5813778638839721,532,5,14
541,1331.4407958984375,0.224883198738098,0.5210245847702021,0.24432253837585402,0.23170155286788902,532,2,0
542,1389.4736328125,0.9776512980461121,0.238928258419036,0.370815813541412,0.333020329475402,533,12,5
543,1370.875,0.17982572317123402,0.515904128551483,0.961457788944244,0.57618236541748,535,2,14
544,1317.005615234375,0.091340065002441,0.176189720630645,0.716376721858978,0.050294458866119,535,0,8
545,1303.0313720703125,0.7456789016723631,0.9965789318084711,0.9073106646537781,0.180716693401336,536,11,12
546,1408.70068359375,0.819997727870941,0.5494807958602901,0.671755731105804,0.145143449306488,537,14,8
547,1409.36083984375,0.7257226705551141,0.20519626140594402,0.7382841110229491,0.485042929649353,537,8,9
548,1283.5377197265625,0.188041567802429,0.407510340213775,0.42414921522140503,0.19692927598953203,543,1,4
549,1359.0306396484375,0.8262780904769891,0.601755678653717,0.273312807083129,0.5929079651832581,543,14,6
550,1270.8988037109375,0.6172829866409301,0.11302745342254601,0.215066075325012,0.32049316167831404,544,8,1
551,1313.8741455078125,0.990894019603729,0.6997327804565431,0.44746959209442105,0.9712913036346431,545,14,7
552,1296.682861328125,0.937021851539611,0.884531736373901,0.47824835777282704,0.8703666329383851,546,15,7
553,1233.0247802734375,0.1281458735466,0.06172871589660601,0.7774003148078911,0.017992734909057003,547,0,12
554,1313.158447265625,0.9183070063591001,0.47043544054031305,0.08423864841461101,0.528016924858093,549,13,2
555,1404.821044921875,0.104853808879852,0.7606950998306271,0.28409016132354703,0.9628458619117731,549,3,7
556,1320.931884765625,0.503120839595794,0.062245070934295,0.540451645851135,0.634873688220977,550,8,10
557,1175.9949951171875,0.9551066160202021,0.04196697473526,0.6266210079193111,0.99925297498703,556,12,11
558,1260.60400390625,0.09619253873825001,0.977144420146942,0.21545761823654103,0.6544975638389581,557,3,2
559,1328.026123046875,0.097365617752075,0.57082849740982,0.6659242510795591,0.7514290809631341,560,2,11
560,1327.1246337890625,0.414595961570739,0.325598657131195,0.934366762638092,0.194111824035644,562,5,12
561,1197.7979736328125,0.9444587230682371,0.859293758869171,0.408217787742614,0.546485602855682,562,15,6
562,1344.21337890625,0.8376275300979611,0.6217213273048401,0.594312071800231,0.533924281597137,562,14,10
563,1344.1651611328125,0.30363243818283003,0.9793010950088501,0.9032015204429621,0.7115654349327081,562,7,14
564,1261.6939697265625,0.523712456226348,0.177189767360687,0.037622988224029,0.865180552005767,563,8,3
565,1325.825927734375,0.09708797931671101,0.8073147535324091,0.844886183738708,0.7454758882522581,565,3,14
566,1226.3297119140625,0.560261130332946,0.001963675022125,0.238862216472625,0.33737611770629805,567,8,1
567,1349.9869384765625,0.38678985834121704,0.7962201237678521,0.45985966920852606,0.5710375308990471,569,7,6
568,1416.828125,0.37493896484375,0.9799371361732481,0.5420509576797481,0.5912184119224541,570,7,10
569,1261.5916748046875,0.8687158823013301,0.9361716508865351,0.404331266880035,0.78529292345047,572,15,7
570,1271.0560302734375,0.742977261543273,0.49757575988769503,0.166159629821777,0.578227698802948,573,9,2
571,1411.183349609375,0.48012930154800404,0.41319984197616505,0.08349728584289501,0.13481020927429202,576,5,0
572,1344.9510498046875,0.0043747425079340005,0.012684106826782001,0.9040334820747371,0.643176674842834,576,0,14
573,1326.1317138671875,0.30242812633514404,0.737938702106475,0.777129650115966,0.672595918178558,576,6,14
574,1318.06494140625,0.60477215051651,0.09301948547363201,0.10883301496505701,0.738000094890594,580,8,2
575,1343.2813720703125,0.33344250917434604,0.40173673629760703,0.161161959171295,0.30283719301223705,581,5,1
576,1265.5640869140625,0.37814939022064203,0.73706841468811,0.04899823665618801,0.36413687467575,581,6,1
577,1327.5477294921875,0.9265938997268671,0.9889250397682191,0.066168546676635,0.23880934715270902,582,15,0
578,1395.918212890625,0.5568025708198541,0.860495448112487,0.48188686370849604,0.19660568237304601,584,11,4
579,1333.477294921875,0.668103337287902,0.700596332550048,0.5908678770065301,0.07561612129211401,585,10,8
580,1371.943603515625,0.8089767098426811,0.024064183235168003,0.029912114143371003,0.670981347560882,585,12,2
581,1248.7156982421875,0.36982369422912603,0.14177924394607502,0.6438522934913631,0.38577193021774203,586,4,9
582,1342.255615234375,0.15032905340194702,0.8292707800865171,0.24510830640792802,0.5637191534042351,588,3,2
583,1392.157470703125,0.151454389095306,0.593807280063629,0.9156614542007441,0.618926167488098,589,2,14
584,1246.2352294921875,0.023242473602294002,0.395354986190795,0.18707090616226102,0.158218145370483,590,1,0
585,1239.7265625,0.165908515453338,0.9856650233268731,0.811667203903198,0.041012763977050004,591,3,12
586,1216.36962890625,0.559998989105224,0.6618572473526001,0.993823528289794,0.9445785880088801,592,10,15
587,1407.225830078125,0.848781824111938,0.003920793533325,0.395479917526245,0.43311369419097906,593,12,5
588,1238.1968994140625,0.6091650128364561,0.25127363204956005,0.368903160095214,0.528287351131439,593,9,6
589,1394.21435546875,0.9615668654441831,0.896885633468627,0.7977252006530761,0.819720566272735,596,15,15
590,1317.141845703125,0.106065869331359,0.170876085758209,0.7402040958404541,0.58384484052658,596,0,10
591,1324.9830322265625,0.942526042461395,0.660221755504608,0.0337815284729,0.40558421611785805,598,14,1
592,1405.8507080078125,0.5712429285049431,0.5550457835197441,0.40906536579132,0.992660582065582,598,10,7
593,1387.9224853515625,0.9379839897155761,0.350211322307586,0.261598765850067,0.6405009627342221,601,13,6
594,1232.12841796875,0.677866995334625,0.5366552472114561,0.5767967104911801,0.7705284953117371,601,10,11
595,1357.911865234375,0.127130568027496,0.8129923343658441,0.11991989612579301,0.5139973163604731,601,3,2
596,1240.427978515625,0.847660601139068,0.067660927772521,0.545245647430419,0.635890901088714,603,12,10
597,1386.988037109375,0.7953524589538571,0.46049523353576605,0.910912573337554,0.214806199073791,606,13,12
598,1252.91552734375,0.070141553878784,0.6175438761711121,0.39278376102447504,0.07576215267181301,609,2,4
599,1307.2584228515625,0.532367706298828,0.09191554784774701,0.861924111843109,0.97444748878479,613,8,15
600,1364.0665283203125,0.33964592218399003,0.30823892354965204,0.050757646560668,0.178156077861785,617,5,0
601,1329.177734375,0.35579496622085505,0.8584650158882141,0.806298911571502,0.036889970302581,617,7,12
602,1271.9979248046875,0.756161332130432,0.699290812015533,0.28936767578125,0.21364212036132801,620,14,4
603,1399.66015625,0.301993131637573,0.442540347576141,0.310930669307708,0.8603036403656,622,5,7
604,1281.19775390625,0.8817341923713681,0.786934375762939,0.42621600627899103,0.09424489736557001,624,15,4
605,1330.679443359375,0.464099943637847,0.154722690582275,0.899668276309967,0.6663215756416321,625,4,14
606,1252.8568115234375,0.48552566766738803,0.7584046721458431,0.27920168638229304,0.23297595977783203,625,7,4
607,1282.265380859375,0.154457092285156,0.682319581508636,0.268624067306518,0.893878161907196,626,2,7
608,1340.8846435546875,0.10445511341094901,0.08257579803466701,0.43687498569488503,0.777733623981475,630,0,7
609,1317.460205078125,0.550297975540161,0.24458950757980302,0.028817296028137002,0.80766886472702,633,8,3
610,1422.89208984375,0.7752947211265561,0.65294474363327,0.279841721057891,0.5894058346748351,633,14,6
611,1188.353271484375,0.6603597998619081,0.8834239244461061,0.16603589057922302,0.14483678340911801,635,11,0
612,1246.1728515625,0.539015054702758,0.516064941883087,0.936647415161132,0.500698924064636,637,10,14
613,1362.2176513671875,0.529875695705413,0.828879296779632,0.109761178493499,0.8302705883979791,637,11,3
614,1359.0797119140625,0.20367932319641102,0.11634099483489901,0.6905158162117001,0.21096646785736,638,0,8
615,1365.8345947265625,0.089666485786437,0.196727275848388,0.336738944053649,0.733522772789001,639,0,6
616,1326.447021484375,0.17312014102935702,0.404957890510559,0.400428831577301,0.20702189207077,640,1,4
617,1290.7088623046875,0.17099714279174802,0.558701694011688,0.9598258137702941,0.593359053134918,644,2,14
618,1261.1763916015625,0.339538216590881,0.24077540636062603,0.41331648826599104,0.305306255817413,645,4,5
619,1352.3072509765625,0.9666838645935051,0.432039678096771,0.6548851728439331,0.72284972667694,646,13,10
620,1287.978759765625,0.5300304889678951,0.8137165307998651,0.106369912624359,0.9640675783157341,647,11,3
621,1311.734375,0.23416668176651,0.8780295252799981,0.11040985584259001,0.48868769407272306,647,3,1
622,1312.9248046875,0.610484600067138,0.477073967456817,0.416511714458465,0.023865222930908002,648,9,4
623,1323.197021484375,0.681054472923278,0.5757699012756341,0.41727447509765603,0.9268610477447511,649,10,7
624,1329.3826904296875,0.240457534790039,0.723316311836242,0.453976094722747,0.458820044994354,651,2,5
625,1200.6103515625,0.17690986394882202,0.22017598152160603,0.65259313583374,0.618904471397399,653,0,10
626,361.44598388671875,0.390941202640533,0.514320731163024,0.43407696485519404,0.833078622817993,654,6,7
627,1375.0213623046875,0.725526988506317,0.678508162498474,0.288345456123352,0.556285083293914,654,10,6
628,1307.6011962890625,0.08742886781692501,0.32598090171813904,0.251173555850982,0.131742775440216,655,1,4
629,1404.1182861328125,0.385349571704864,0.5905272364616391,0.9945376515388481,0.452427983283996,656,6,13
630,1276.103515625,0.645040452480316,0.8343338370323181,0.01829183101654,0.314828872680664,658,11,1
631,492.6580505371094,0.24847644567489602,0.24421072006225503,0.004888236522674,0.35069704055786105,660,0,1
632,1402.8790283203125,0.526402592658996,0.651599884033203,0.453500568866729,0.46711748838424605,660,10,5
633,1431.851806640625,0.10945516824722201,0.06287014484405501,0.7660393118858331,0.0064452290534970005,665,0,12
634,1436.05322265625,0.35300964117050104,0.7321402430534361,0.38573729991912803,0.14810472726821902,668,6,4
635,1361.8302001953125,0.7045626044273371,0.836331188678741,0.9121291637420651,0.7217974066734311,670,11,14
636,1337.039794921875,0.606739580631256,0.7408062219619751,0.002050936222076,0.13682228326797402,670,10,0
637,1280.572265625,0.23860490322113,0.653380155563354,0.126754105091094,0.126939356327056,671,2,0
638,1296.9990234375,0.26891422271728505,0.6269877552986141,0.2650106549263,0.057920932769775,671,6,4
639,1415.7833251953125,0.26376396417617803,0.5393741726875301,0.717297732830047,0.5925993919372551,674,6,10
640,1347.142333984375,0.7586320638656611,0.17951512336730902,0.572273313999176,0.736421287059783,676,12,10
641,405.613037109375,0.5448671579360961,0.44438064098358104,0.5746079683303831,0.259815692901611,677,9,9
642,1310.5511474609375,0.949456810951232,0.620189130306243,0.33189541101455605,0.718791425228118,679,14,6
643,1320.022705078125,0.761853516101837,0.8256807327270501,0.44274610280990606,0.056505501270294,679,15,4
644,1345.19189453125,0.045490443706512,0.8570042252540581,0.6994171142578121,0.12629801034927302,681,3,8
645,1196.190673828125,0.342231094837188,0.18224424123764002,0.527814149856567,0.9532004594802851,681,4,11
646,1191.344970703125,0.645082294940948,0.47682756185531605,0.182902753353118,0.077228486537933,682,9,0
647,1350.9322509765625,0.285348832607269,0.5187714695930481,0.933143734931945,0.641665339469909,683,6,14
648,1185.820556640625,0.963926911354064,0.33460396528244,0.112936794757843,0.323842287063598,684,13,1
649,1219.215576171875,0.065167486667633,0.300764024257659,0.174248278141021,0.805058538913726,684,1,3
650,1268.83203125,0.236728131771087,0.09146779775619501,0.22199827432632402,0.703950762748718,685,0,2
651,1306.3292236328125,0.7015778422355651,0.514026284217834,0.740707755088806,0.8057560920715331,686,10,11
652,1310.12646484375,0.027160227298736003,0.359777271747589,0.8332414031028741,0.7084165215492241,687,1,14
653,1363.7642822265625,0.6349156498908991,0.6635006666183471,0.593181192874908,0.349656224250793,687,10,9
654,1301.619384765625,0.341387331485748,0.8584991097450251,0.13740640878677302,0.8358597159385681,688,7,3
655,1339.978759765625,0.278977155685424,0.37793165445327703,0.293594241142272,0.219077169895172,689,5,4
656,1364.461181640625,0.28949302434921204,0.17585146427154502,0.8236610889434811,0.518922448158264,692,4,14
657,1230.6534423828125,0.514179766178131,0.917204499244689,0.24813568592071503,0.6781035661697381,694,11,2
658,1352.4775390625,0.7278398871421811,0.824078679084777,0.517227590084075,0.53753262758255,695,11,10
659,1287.266357421875,0.276887357234954,0.885244667530059,0.603776335716247,0.44016546010971,698,7,9
660,1309.0545654296875,0.027092993259429002,0.057924211025238,0.574988961219787,0.126672685146331,699,0,8
661,1342.5079345703125,0.354206144809722,0.627501726150512,0.184524238109588,0.217589437961578,701,6,0
662,1309.31103515625,0.35513752698898304,0.765449941158294,0.223475158214569,0.541228413581848,702,7,2
663,1336.001708984375,0.998151004314422,0.5856086015701291,0.640160799026489,0.88206946849823,702,14,11
664,1325.535888671875,0.28257125616073603,0.619681596755981,0.481159031391143,0.23421412706375103,703,6,4
665,1312.9140625,0.39264816045761103,0.959529817104339,0.9667773246765131,0.34796178340911804,703,7,13
666,1357.9234619140625,0.653510928153991,0.979122638702392,0.40953540802001903,0.453568696975708,703,11,5
667,1240.6431884765625,0.733791768550872,0.9002104401588441,0.010711669921875,0.561717331409454,704,11,2
668,1207.2677001953125,0.865100026130676,0.39038461446762,0.659109830856323,0.9212547540664671,706,13,11
669,1347.2957763671875,0.578093111515045,0.27967888116836503,0.20975124835968,0.8997256159782411,709,9,3
670,1275.7056884765625,0.8037388324737541,0.48950803279876703,0.95942211151123,0.929756224155426,711,13,15
671,1421.16845703125,0.527908384799957,0.42842447757720903,0.27887427806854204,0.158071100711822,711,9,4
672,1252.813232421875,0.18229895830154402,0.8447359204292291,0.9408736824989311,0.8834254145622251,714,3,15
673,1307.2779541015625,0.66421765089035,0.93511962890625,0.7763650417327881,0.5169912576675411,715,11,14
674,1355.78076171875,0.640892744064331,0.8030599355697631,0.7791548371315,0.018036961555480003,720,11,12
675,1312.484375,0.128452658653259,0.344954967498779,0.542690873146057,0.8554996848106381,725,1,11
676,1377.302734375,0.19709378480911202,0.10817247629165601,0.5054411292076111,0.5095339417457581,728,0,10
677,1278.5533447265625,0.15270328521728502,0.7494534254074091,0.647815108299255,0.29003280401229803,729,2,9
678,1308.0693359375,0.376952946186065,0.179313361644744,0.891453146934509,0.916144967079162,729,4,15
679,1384.9937744140625,0.83360081911087,0.8463283181190491,0.356524229049682,0.126093089580535,730,15,4
680,1402.165283203125,0.9928584694862361,0.5552290081977841,0.949786305427551,0.5439293384552001,730,14,14
681,1418.1251220703125,0.9381682872772211,0.762971580028533,0.158401310443878,0.5381870865821831,730,15,2
682,1336.271728515625,0.9828307628631591,0.125863373279571,0.6477470397949211,0.44447731971740706,731,12,9
683,1356.1905517578125,0.5503045916557311,0.5081241130828851,0.192368686199188,0.851747512817382,733,10,3
684,1394.662841796875,0.37715870141983004,0.731880724430084,0.17232662439346302,0.8557358980178831,738,6,3
685,1363.417724609375,0.06644761562347401,0.135726034641265,0.078685700893402,0.524158060550689,740,0,2
686,1310.0447998046875,0.41120809316635104,0.040420413017272006,0.665160655975341,0.586839199066162,740,4,10
687,1353.5611572265625,0.429204523563385,0.345354616641998,0.47352731227874706,0.06484478712081901,742,5,4
688,538.7889404296875,0.639517247676849,0.5823349952697751,0.317995727062225,0.9033011794090271,742,10,7
689,1267.894287109375,0.364777505397796,0.7123977541923521,0.380427420139312,0.939266204833984,744,6,7
690,1357.0714111328125,0.265171587467193,0.10576051473617501,0.8768782615661621,0.35516285896301203,744,4,13
691,1339.75048828125,0.36271440982818604,0.9335091114044191,0.20919239521026603,0.651696860790252,746,7,2
692,1410.614990234375,0.19606465101242002,0.35503339767456005,0.658113121986389,0.731056690216064,748,1,10
693,1409.0,0.9814292192459101,0.23646914958953802,0.20935553312301602,0.42751860618591303,750,12,1
694,1098.0,0.6440654993057251,0.6226673722267151,0.20173668861389102,0.02847009897232,750,10,0
695,1076.0,0.47014003992080605,0.9108664989471431,0.7385237812995911,0.9193279743194581,752,7,11
696,1244.0,0.18125933408737102,0.832935392856597,0.117957234382629,0.6101309061050411,752,3,2
697,1381.0,0.596832036972045,0.9933289885520931,0.7250651717185971,0.9211879968643181,754,11,11
698,999.0,0.7063159346580501,0.28941100835800104,0.500737726688385,0.44408649206161505,757,9,9
699,759.0,0.693897068500518,0.556352078914642,0.22621387243270802,0.9567869901657101,758,10,3
700,1017.0,0.45158123970031705,0.125112414360046,0.573571503162384,0.184425234794616,761,4,8
701,503.0,0.9956609010696411,0.06709575653076101,0.21219992637634202,0.191908776760101,764,12,0
702,157.0,0.6752272844314571,0.42594367265701205,0.5234574675559991,0.905785501003265,765,9,11
703,1048.0,0.9187209606170651,0.25190925598144503,0.060909211635589,0.697785973548889,767,13,2
704,1362.0,0.530600786209106,0.033554375171661,0.24250817298889102,0.019514739513397,767,8,0
705,214.0,0.47498947381973206,0.12437647581100401,0.32337486743927,0.47577190399169905,768,4,5
706,1247.0,0.174323260784149,0.009412050247192001,0.712856352329254,0.008200407028198001,768,0,8
707,35.0,0.549196302890777,0.8020546436309811,0.42026758193969704,0.09651404619216901,772,11,4
708,1097.0,0.18260610103607103,0.243116021156311,0.948849260807037,0.14817410707473702,774,0,12
709,1419.0,0.34802025556564303,0.126824080944061,0.19189327955245902,0.43895649909973106,775,4,1
710,1118.0,0.7696815133094781,0.7916495203971861,0.050744414329528004,0.739414870738983,775,15,2
711,601.0,0.5452972650527951,0.834418892860412,0.383022844791412,0.740610420703887,777,11,6
712,1133.0,0.542534828186035,0.30690890550613403,0.9459759593009941,0.712276577949523,778,9,14
713,470.0,0.26362216472625705,0.30529671907424905,0.7821666598320001,0.40912061929702703,778,5,13
714,1249.0,0.7026541829109191,0.045190811157226,0.164085149765014,0.338127374649047,780,8,1
715,1053.0,0.024325668811798002,0.549097120761871,0.20528632402420002,0.833789706230163,782,2,3
716,1390.0,0.071466207504272,0.71490079164505,0.167517066001892,0.174951434135437,785,2,0
717,646.0,0.894721448421478,0.7424823045730591,0.526895999908447,0.9302622079849241,785,14,11
718,480.0,0.774033844470977,0.59890341758728,0.687560379505157,0.297796189785003,785,14,9
719,1382.0,0.384985983371734,0.463204860687255,0.29651170969009405,0.845769107341766,787,5,7
720,1026.0,0.946262717247009,0.48230534791946406,0.832784950733184,0.47508913278579706,790,13,13
721,588.0,0.49726742506027205,0.7074816823005671,0.233087599277496,0.49207776784896806,792,6,1
722,1150.0,0.903796851634979,0.11527329683303801,0.026178717613220003,0.78875321149826,792,12,3
723,681.0,0.653361976146698,0.22256779670715302,0.5846340656280511,0.330554783344268,795,8,9
724,1113.0,0.11500382423400801,0.43305027484893804,0.43316286802291804,0.016859710216522,799,1,4
725,124.0,0.6253671646118161,0.214688062667846,0.29625242948532104,0.604643821716308,800,8,6
726,615.0,0.601071059703826,0.584067821502685,0.46980875730514504,0.164071440696716,802,10,4
727,108.0,0.8779116272926331,0.610739171504974,0.5420591235160821,0.43431556224823,803,14,9
728,1068.0,0.630095541477203,0.556431412696838,0.391502916812896,0.691396713256835,804,10,6
729,933.0,0.5565142631530761,0.23430806398391701,0.13607937097549402,0.5653505921363831,804,8,2
730,1317.0,0.995268464088439,0.544655621051788,0.9386581182479851,0.604791820049285,804,14,14
731,1081.0,0.7602623105049131,0.6106163263320921,0.885664045810699,0.256963670253753,806,14,13
732,75.0,0.11060339212417601,0.821196377277374,0.380145907402038,0.8942824006080621,806,3,7
733,224.0,0.661470234394073,0.92670464515686,0.446907520294189,0.9089035987854001,807,11,7
734,203.0,0.389116823673248,0.765496611595153,0.7774220108985901,0.431354284286499,808,7,13
735,202.0,0.48936337232589705,0.8811948299407951,0.564699172973632,0.42918843030929504,809,7,9
736,1057.0,0.054876387119293005,0.8031283020973201,0.46560239791870106,0.5650451779365541,809,3,6
737,1177.0,0.7084463834762571,0.9448878169059751,0.371402442455291,0.467674434185028,810,11,5
738,1401.0,0.8360904455184931,0.211622655391693,0.5029218196868891,0.987575948238372,813,12,11
739,203.0,0.066289246082305,0.95521068572998,0.5716760754585261,0.26268476247787403,816,3,9
740,1358.0,0.34554415941238403,0.020144343376159002,0.532817542552948,0.012122988700866,816,4,8
741,1363.0,0.5510312914848321,0.9175589084625241,0.39791345596313404,0.7838162779808041,817,11,7
742,97.0,0.6420938968658441,0.45047968626022306,0.050977528095245,0.965957820415496,819,9,3
743,249.0,0.7388896346092221,0.5092029571533201,0.6190417408943171,0.38693803548812805,820,10,9
744,334.0,0.912888348102569,0.20454901456832802,0.9771811366081231,0.9981562495231621,820,12,15
745,169.0,0.22069710493087702,0.39497441053390503,0.15702635049819902,0.31806170940399103,821,1,1
746,1300.0,0.30633598566055303,0.44948577880859303,0.204074919223785,0.9995338916778561,823,5,3
747,313.0,0.9821636080741881,0.09492921829223601,0.45306116342544506,0.9844536781311031,824,12,7
748,1026.0,0.46637147665023804,0.8835068941116331,0.34186100959777804,0.7045300602912901,825,7,6
749,488.0,0.580682277679443,0.6349775195121761,0.24468386173248202,0.46365696191787703,825,10,1
750,225.0,0.820856034755706,0.952685356140136,0.921358287334442,0.34712940454483004,827,15,13
751,822.0,0.6118971109390251,0.9614836573600761,0.29328817129135104,0.071239650249481,827,11,4
752,481.0,0.9806016683578491,0.5459486246109,0.6924663186073301,0.708312153816223,827,14,10
753,1245.0,0.07745933532714801,0.448785722255706,0.579863250255584,0.650809645652771,832,1,10
754,561.0,0.658563733100891,0.460391998291015,0.40855288505554205,0.11158341169357301,833,9,4
755,837.0,0.47144174575805603,0.21302181482315002,0.46060699224472,0.5102573037147521,833,4,6
756,83.0,0.6294502019882201,0.20838510990142803,0.26688498258590704,0.5705324411392211,837,8,6
757,1149.0,0.24375110864639202,0.397494077682495,0.9318527579307551,0.393312633037567,840,1,13
758,852.0,0.19473290443420402,0.271568655967712,0.5991051197052001,0.805635869503021,841,1,11
759,794.0,0.42374378442764205,0.732055604457855,0.7584397792816161,0.076291143894195,841,6,12
760,1131.0,0.186954736709594,0.6575437784194941,0.7276169657707211,0.752337396144866,842,2,11
761,1011.0,0.8123620152473451,0.9430324435234071,0.6722950339317321,0.013537585735321002,842,15,8
762,1003.0,0.08952581882476801,0.655314862728118,0.23303508758544902,0.724436461925506,842,2,2
763,1321.0,0.394919216632843,0.279702067375183,0.9617363214492791,0.161185503005981,844,5,12
764,1244.0,0.13766092061996402,0.625121712684631,0.42111265659332203,0.605437576770782,844,2,6
765,444.0,0.6027120351791381,0.8141989111900331,0.7556437253952021,0.606295228004455,844,11,14
766,26.0,0.722641766071319,0.7826712131500241,0.8641607761383051,0.729267239570617,845,11,14
767,52.0,0.218977928161621,0.7276391386985771,0.46513277292251504,0.7386565208435051,850,2,6
768,973.0,0.5726324915885921,0.8234755396842951,0.8385575413703911,0.306723713874816,850,11,13
769,171.0,0.73822808265686,0.232873916625976,0.940939247608184,0.8995196223258971,851,8,15
770,100.0,0.9591231346130371,0.19533151388168302,0.10447531938552801,0.899823427200317,852,12,3
771,951.0,0.16901773214340202,0.9097519516944881,0.45249450206756503,0.19681411981582603,852,3,4
772,1203.0,0.501616895198822,0.8654091954231261,0.5659350752830501,0.140622615814208,852,11,8
773,1072.0,0.7443306446075441,0.8594861626625061,0.917978763580322,0.6570032238960261,853,11,14
774,749.0,0.08877044916152901,0.401416897773742,0.571588099002838,0.620168685913085,853,1,10
775,1383.0,0.086168766021728,0.6824547648429871,0.8035535812377931,0.15246528387069702,854,2,12
776,604.0,0.846124231815338,0.36840564012527405,0.5974824428558351,0.136126101016998,854,13,8
777,1008.0,0.941582858562469,0.7701811194419861,0.718862950801849,0.56035828590393,854,15,10
778,640.0,0.881804347038269,0.530137300491333,0.07613205909729001,0.673877298831939,854,14,2
779,380.0,0.8962788581848141,0.533218502998352,0.047585487365722004,0.521738290786743,855,14,2
780,667.0,0.36729872226715005,0.077386677265167,0.19921451807022,0.24571365118026703,858,4,0
781,1107.0,0.35959845781326205,0.43661910295486406,0.208049297332763,0.5263206958770751,860,5,2
782,1227.0,0.37512630224227905,0.8533740639686581,0.335477948188781,0.9453399181365961,861,7,7
783,94.0,0.8587120175361631,0.9048328995704651,0.43382120132446206,0.18157553672790502,861,15,4
784,842.0,0.269143939018249,0.422444522380828,0.551076889038085,0.00010871887207,862,5,8
785,1082.0,0.45333433151245106,0.06860363483428901,0.752867579460144,0.191321432590484,863,4,12
786,269.0,0.14159137010574302,0.304959416389465,0.035862803459167,0.368586778640747,866,1,1
787,1115.0,0.009398341178894001,0.9389606118202211,0.757353782653808,0.735109150409698,869,3,14
788,340.0,0.12040269374847401,0.8547070622444151,0.000859081745147,0.8800253272056581,873,3,3
789,252.0,0.10628819465637201,0.985159277915954,0.9086869955062861,0.314642488956451,874,3,13
790,1068.0,0.344866394996643,0.073843896389007,0.59754192829132,0.263898134231567,874,4,9
791,1104.0,0.767296850681304,0.7319560647010801,0.9769573211669921,0.381444334983825,879,14,13
792,986.0,0.7263742089271541,0.872347176074981,0.133125841617584,0.248401165008544,880,11,0
793,1212.0,0.861782073974609,0.355135440826416,0.8097571134567261,0.09056806564331,882,13,12
794,214.0,0.411831498146057,0.556664884090423,0.329827785491943,0.48009175062179504,882,6,5
795,43.0,0.631327748298645,0.365826368331909,0.9698854684829711,0.8513821363449091,889,9,15
796,1048.0,0.395000874996185,0.821082651615142,0.39596313238143904,0.8717912435531611,889,7,7
797,807.0,0.29011726379394503,0.12740689516067502,0.595832884311676,0.658168494701385,890,4,10
798,1287.0,0.9305486679077141,0.36536788940429604,0.42835623025894104,0.078702688217163,890,13,4
799,786.0,0.143518447875976,0.958750009536743,0.587002098560333,0.10686534643173201,891,3,8
800,1185.0,0.205332458019256,0.818156659603118,0.759940028190612,0.9550257921218871,892,3,15
801,1287.0,0.749499440193176,0.467531621456146,0.892011284828186,0.7448682188987731,893,9,14
802,1227.0,0.18196320533752403,0.7835201025009151,0.04727691411972,0.225337386131286,894,3,0
803,137.0,0.101420283317565,0.146142959594726,0.7829148769378661,0.577375590801239,896,0,14
804,1194.0,0.7699346542358391,0.8986188769340511,0.17651313543319702,0.612498939037323,896,15,2
805,698.0,0.8111883997917171,0.45197838544845503,0.010198652744293001,0.8213943243026731,896,13,3
806,1107.0,0.796799182891845,0.340799033641815,0.740378439426422,0.48858219385147006,897,13,9
807,615.0,0.956516861915588,0.7567836046218871,0.009863913059234002,0.22110569477081302,899,15,0
808,495.0,0.48530429601669306,0.48161071538925104,0.07417267560958801,0.20283031463623002,899,5,0
809,500.0,0.29120749235153204,0.82170569896698,0.13324820995330802,0.433188080787658,900,7,1
810,18.0,0.34127300977706904,0.05686414241790701,0.054527580738067,0.223283052444458,901,4,0
811,45.0,0.35779929161071705,0.27481544017791704,0.770657300949096,0.7052626013755791,901,5,14
812,1247.0,0.091486692428588,0.802056372165679,0.13900506496429402,0.47677671909332203,901,3,1
813,277.0,0.714504659175872,0.7025511860847471,0.9489414095878601,0.850518584251403,902,10,15
814,499.0,0.23180192708969102,0.163321673870086,0.721994817256927,0.6516504287719721,904,0,10
815,903.0,0.5663626194000241,0.58469134569168,0.8083640336990351,0.226974844932556,905,10,12
816,1391.0,0.24371010065078702,0.060715854167938,0.974455595016479,0.8511851429939271,905,0,15
817,703.0,0.44702482223510703,0.30889236927032404,0.253143370151519,0.790016055107116,906,5,7
818,966.0,0.9392207264900201,0.25584018230438205,0.7903671860694881,0.293928146362304,908,13,13
819,60.0,0.657650768756866,0.43699920177459706,0.10218679904937701,0.055238485336303,908,9,0
820,1392.0,0.544538736343383,0.12870544195175102,0.628430664539337,0.9393754601478571,909,8,11
821,1281.0,0.312573194503784,0.9072014093399041,0.15665066242218,0.9864362478256221,910,7,3
822,709.0,0.9656090736389161,0.83595871925354,0.266079783439636,0.8164296746253961,911,15,7
823,1390.0,0.749386429786682,0.23928231000900202,0.282224714756011,0.189518868923187,913,8,4
824,1208.0,0.364920616149902,0.311245560646057,0.28878778219223,0.525360286235809,914,5,6
825,350.0,0.179295301437377,0.9704259634017941,0.762050449848175,0.943650066852569,914,3,15
826,1283.0,0.714677035808563,0.6230583190917961,0.23288357257843,0.9061331748962401,914,10,3
827,1402.0,0.7237588763237001,0.353361189365386,0.10486102104187,0.39477866888046204,916,9,1
828,702.0,0.22368896007537803,0.897218942642211,0.599936425685882,0.8988117575645441,916,3,11
829,795.0,0.379537105560302,0.361982345581054,0.25975906848907404,0.48674064874649003,916,5,5
830,1273.0,0.359471440315246,0.6405062675476071,0.08429104089736901,0.28618609905242903,919,6,1
831,1250.0,0.038418769836425004,0.559953212738037,0.230885446071624,0.30816024541854803,920,2,1
832,128.0,0.723149418830871,0.540071368217468,0.14467149972915602,0.5431941151618951,922,10,2
833,285.0,0.736033916473388,0.7915371060371391,0.22581374645233102,0.9523467421531671,923,11,3
834,1106.0,0.39656692743301303,0.385275542736053,0.29399687051773005,0.25336426496505704,923,5,5
835,1125.0,0.47691071033477705,0.898675441741943,0.421461462974548,0.256783425807952,924,7,5
836,992.0,0.6586889624595641,0.000717222690582,0.874088644981384,0.28953164815902704,925,8,13
837,1297.0,0.36926752328872603,0.456034779548645,0.6051476001739501,0.202168345451354,927,5,8
838,473.0,0.5735671520233151,0.13861101865768402,0.803943634033203,0.41482824087142905,927,8,13
839,496.0,0.5711600184440611,0.69527518749237,0.9474483728408811,0.326473653316497,929,10,13
840,1395.0,0.337080538272857,0.17865157127380302,0.23142206668853701,0.180648803710937,929,4,0
841,1191.0,0.494327425956726,0.24614799022674502,0.038816988468170006,0.30036801099777205,929,4,1
842,712.0,0.7224634289741511,0.014874637126922002,0.162993550300598,0.08146643638610801,931,8,0
843,179.0,0.9511690735816951,0.8601189851760861,0.030378580093383,0.5899277329444881,932,15,2
844,427.0,0.530366420745849,0.538476049900054,0.9355120062828061,0.9399477243423461,932,10,15
845,412.0,0.711305797100067,0.07116258144378601,0.790024757385253,0.224408149719238,937,8,12
846,707.0,0.388051390647888,0.067385792732238,0.7936822772026061,0.27521759271621704,937,4,13
847,1365.0,0.5099527835845941,0.8931925296783441,0.5005553364753721,0.7771564126014711,938,11,11
848,292.0,0.19913375377655002,0.6679251194000241,0.9467664957046501,0.9269077181816101,938,2,15
849,435.0,0.443787813186645,0.7672036290168761,0.132895410060882,0.8782833814620971,938,7,3
850,215.0,0.070945441722869,0.8653784990310661,0.8531997203826901,0.38210791349411005,940,3,13
851,1354.0,0.08182877302169801,0.507277369499206,0.206670343875885,0.8757580518722531,941,2,3
852,538.0,0.075324535369873,0.13073581457138,0.9498314857482911,0.886420786380767,943,0,15
853,917.0,0.33979308605194003,0.5155596733093261,0.335381031036376,0.498798370361328,945,6,5
854,132.0,0.132214725017547,0.236356973648071,0.958292543888092,0.6963866949081421,946,0,14
855,1022.0,0.7790748476982111,0.628176629543304,0.617691993713378,0.22155934572219801,946,14,8
856,631.0,0.142895758152008,0.214855313301086,0.09696555137634201,0.8606343865394591,948,0,3
857,892.0,0.20506078004837003,0.9874966144561761,0.32216733694076505,0.669255495071411,948,3,6
858,978.0,0.36268341541290205,0.815439999103546,0.6250757575035091,0.7034645080566401,951,7,10
859,822.0,0.23066359758377003,0.20919460058212203,0.7857372760772701,0.11891192197799601,951,0,12
860,1222.0,0.529077291488647,0.7613046169281,0.8542729020118711,0.7589949965476991,953,11,15
861,757.0,0.577541589736938,0.744483351707458,0.541758477687835,0.736612796783447,953,10,10
862,339.0,0.7583259344100951,0.432516872882843,0.997707724571228,0.47022074460983204,955,13,13
863,715.0,0.26656460762023904,0.7325924038887021,0.925447821617126,0.598652303218841,957,6,14
864,1381.0,0.032656490802764004,0.786989629268646,0.8489612936973571,0.10104137659072801,959,3,12
865,275.0,0.08910417556762601,0.159660935401916,0.745521008968353,0.9785459041595451,960,0,11
866,740.0,0.467374801635742,0.6941920518875121,0.204252481460571,0.086291491985321,962,6,0
867,512.0,0.320948779582977,0.725726425647735,0.41117060184478704,0.7416694760322571,965,6,6
868,1315.0,0.42812603712081904,0.43391734361648504,0.753564000129699,0.6216000318527221,966,5,14
869,1424.0,0.46784234046936,0.657492518424987,0.43808549642562805,0.7071016430854791,966,6,6
870,693.0,0.333885908126831,0.358439445495605,0.159359157085418,0.19488549232482902,968,5,0
871,1200.0,0.7017499804496761,0.601798117160797,0.12852084636688202,0.7393606305122371,969,10,2
872,920.0,0.561658859252929,0.13635551929473802,0.8611929416656491,0.25240725278854304,970,8,13
873,30.0,0.15341544151306102,0.03805673122406,0.4290491938591,0.44584566354751504,973,0,5
874,701.0,0.730606317520141,0.761914372444152,0.09831047058105401,0.5814579725265501,973,11,2
875,1201.0,0.730185151100158,0.9812647104263301,0.633748888969421,0.300929546356201,974,11,9
876,878.0,0.7101359367370601,0.41454005241394004,0.566672265529632,0.616585314273834,974,9,10
877,535.0,0.22841012477874703,0.40595221519470204,0.47906488180160506,0.46902465820312506,975,1,5
878,602.0,0.141431987285614,0.563545525074005,0.074360847473144,0.7981541156768791,976,2,3
879,1407.0,0.286980330944061,0.405999660491943,0.8756945133209221,0.6937795877456661,978,5,14
880,1200.0,0.844944655895233,0.376293659210205,0.121596455574035,0.9161487817764281,981,13,3
881,861.0,0.8105748891830441,0.893623352050781,0.08288717269897401,0.031960844993591,983,15,0
882,209.0,0.029743671417236002,0.293598115444183,0.25696933269500705,0.805402874946594,983,1,7
883,927.0,0.538603961467742,0.8743763566017151,0.796716392040252,0.28255957365036,984,11,13
884,651.0,0.58219701051712,0.22851973772048903,0.8748737573623651,0.010665297508239,984,8,12
885,579.0,0.487599670886993,0.053432583808898,0.8795427680015561,5.370378494262696e-05,984,4,12
886,780.0,0.310459315776824,0.663077116012573,0.7527254819869991,0.602549314498901,985,6,14
887,1274.0,0.458567798137664,0.35025817155838,0.8973365426063531,0.53386902809143,985,5,14
888,81.0,0.291528463363647,0.9553115367889401,0.111672103404998,0.821383118629455,985,7,3
889,56.0,0.525958955287933,0.7530307769775391,0.250061869621276,0.8190641403198241,987,11,7
890,1408.0,0.13277524709701502,0.5279156565666191,0.051678478717803004,0.060700833797454,987,2,0
891,1072.0,0.16477912664413402,0.818561434745788,0.027433812618255,0.932940602302551,990,3,3
892,438.0,0.37883973121643005,0.6392436623573301,0.780861377716064,0.7890126705169671,991,6,15
893,559.0,0.118674755096435,0.7179855108261101,0.755764544010162,0.049818277359008005,991,2,12
894,257.0,0.5478192567825311,0.6862248778343201,0.6827231645584101,0.9441809654235841,993,10,11
895,128.0,0.895936787128448,0.268925786018371,0.32590115070343,0.654968380928039,995,13,6
896,1188.0,0.443988859653472,0.904124438762664,0.643681228160858,0.92830890417099,996,7,11
897,956.0,0.027319133281707,0.465811669826507,0.7707547545433041,0.11208617687225302,998,1,12
898,97.0,0.143110811710357,0.880278408527374,0.73059332370758,0.43513482809066706,999,3,9
899,839.0,0.6805757880210871,0.072122335433959,0.016296207904815,0.44749319553375205,999,8,1
