,current_day,square_index,rider_id,driver_idx,trip_start_timestamp,trip_duration,ride_miles,trip_end_timestamp,price_of_ride,distance_normalized_price,rider_acceptance_prob,driver_acceptance_prob
0,0,13,818,41,92,7,3.4579,99,16.7534,4.845,0.6297,0.5116
1,0,0,824,89,173,2,1.092,175,8.5475,7.8273,0.48360000000000003,0.2998
2,0,13,850,41,185,7,3.598,192,17.0084,4.7272,0.6352,0.5205000000000001
3,0,5,968,62,419,7,3.3444,426,16.5467,4.9477,0.6249,0.5039
4,0,1,64,44,472,6,3.1085,478,15.3374,4.9341,0.6256,0.5049
5,0,5,73,62,462,3,1.5772,465,10.2105,6.4738,0.5511,0.3912
6,0,7,26,47,463,11,5.6082,474,23.787,4.2414,0.6574,0.5566
7,0,1,67,44,502,7,3.6765,509,17.1512,4.6651,0.6381,0.5251
8,0,2,118,65,498,17,8.6853,515,34.0672,3.9224,0.6716000000000001,0.5801000000000001
9,0,5,239,62,499,11,5.337,510,23.2934,4.3645,0.6518,0.5475
10,0,7,735,47,493,7,3.4249,500,16.6934,4.8741,0.6284000000000001,0.5094000000000001
11,0,14,201,22,489,14,7.1507,503,28.9343,4.0464,0.6661,0.5710000000000001
12,0,2,4,65,532,16,7.7531,548,31.5906,4.0746,0.6649,0.5690000000000001
13,0,7,97,47,523,11,5.6675,534,23.8949,4.2161,0.6585000000000001,0.5585
14,0,14,146,22,539,5,2.5149,544,13.477,5.359,0.6054,0.4731
15,0,5,239,62,565,9,4.3166,574,19.8762,4.6046000000000005,0.6409,0.5296000000000001
16,0,7,2,47,540,2,1.0674,542,8.5026,7.9659,0.4767,0.2912
17,0,7,771,47,580,9,4.5511,589,20.3029,4.4611,0.6474000000000001,0.5403
18,0,7,247,47,602,5,2.5518,607,13.5442,5.3078,0.6079,0.47690000000000005
19,0,7,173,47,657,15,7.4615,672,30.2799,4.0582,0.6656000000000001,0.5702
20,0,1,781,44,709,17,8.3926,726,33.5345,3.9957000000000003,0.6684,0.5748
21,0,9,311,27,988,13,6.2729,1001,26.5567,4.2336,0.6578,0.5572
22,0,4,264,8,1014,7,3.3198,1021,16.502,4.9708,0.6238,0.5022
23,0,11,924,24,1000,14,7.0761,1014,28.7985,4.0698,0.6651,0.5693
24,0,9,343,27,1037,11,5.7,1048,23.954,4.2025,0.6591,0.5595
25,0,4,497,8,1052,7,3.5784000000000002,1059,16.9726,4.7431,0.6345000000000001,0.5193
26,0,9,337,27,1054,13,6.6963,1067,27.3273,4.081,0.6646000000000001,0.5685
27,0,11,276,24,1077,10,4.969,1087,21.8436,4.396,0.6504,0.5452
28,0,4,479,8,1084,15,7.3771,1099,30.1263,4.0838,0.6645,0.5683
29,0,9,414,27,1096,4,2.0915,1100,11.9265,5.7024,0.5889,0.4475
30,0,11,255,24,1082,14,6.8822,1096,28.4456,4.1332,0.6623,0.5646
31,0,11,438,24,1119,5,2.4917,1124,13.4349,5.3918,0.6039,0.4706
32,0,9,257,27,1157,9,4.6607,1166,20.5025,4.399,0.6503,0.545
33,0,4,380,8,1172,6,3.1597,1178,15.4306,4.8836,0.6279,0.5087
34,0,2,304,69,1215,6,2.8027,1221,14.7809,5.2738,0.6095,0.47950000000000004
35,0,4,710,8,1213,18,8.8905,1231,35.2208,3.9616000000000002,0.6699,0.5773
36,0,9,999,27,1208,9,4.5895,1217,20.3729,4.439,0.6484,0.542
37,0,5,648,38,1241,9,4.579,1250,20.3537,4.445,0.6482,0.5415
38,0,5,515,38,1267,5,2.3654,1272,13.2051,5.5825000000000005,0.5947,0.45640000000000003
39,0,12,653,43,1304,6,2.7747,1310,14.73,5.3087,0.6078,0.47690000000000005
40,0,2,547,69,1326,2,0.9447000000000001,1328,8.2793,8.2793,0.4611,0.2721
41,0,4,508,8,1334,11,5.456,1345,23.509900000000002,4.309,0.6543,0.5516
42,0,2,592,69,1437,16,8.0033,1453,32.046,4.0041,0.668,0.5741
43,0,3,860,47,249,21,10.433,270,40.3681,3.8693,0.674,0.584
44,0,3,860,47,249,21,10.433,270,40.3681,3.8693,0.674,0.584
45,0,13,959,91,299,11,5.3821,310,23.3755,4.3432,0.6528,0.5491
46,0,13,959,91,299,11,5.3821,310,23.3755,4.3432,0.6528,0.5491
47,0,2,191,12,313,14,6.9137,327,28.503,4.1227,0.6627000000000001,0.5654
48,0,2,191,12,313,14,6.9137,327,28.503,4.1227,0.6627000000000001,0.5654
49,0,12,84,35,352,13,6.5439,365,27.0498,4.1336,0.6622,0.5646
50,0,12,84,35,352,13,6.5439,365,27.0498,4.1336,0.6622,0.5646
51,0,13,73,91,359,11,5.4708,370,23.5369,4.3023,0.6547000000000001,0.5521
52,0,13,73,91,359,11,5.4708,370,23.5369,4.3023,0.6547000000000001,0.5521
53,0,3,915,47,384,8,4.2493,392,18.9737,4.4652,0.6472,0.54
54,0,3,915,47,384,8,4.2493,392,18.9737,4.4652,0.6472,0.54
55,0,12,106,35,407,16,7.8005,423,31.6769,4.0609,0.6655,0.5700000000000001
56,0,12,106,35,407,16,7.8005,423,31.6769,4.0609,0.6655,0.5700000000000001
57,0,2,39,12,446,3,1.468,449,10.0118,6.82,0.5339,0.3668
58,0,2,39,12,446,3,1.468,449,10.0118,6.82,0.5339,0.3668
59,0,3,85,47,447,18,8.8036,465,35.0626,3.9827,0.669,0.5757
60,0,3,85,47,447,18,8.8036,465,35.0626,3.9827,0.669,0.5757
61,0,5,936,99,433,15,7.3007,448,29.9872,4.1075,0.6634,0.5665
62,0,5,936,99,433,15,7.3007,448,29.9872,4.1075,0.6634,0.5665
63,0,7,91,39,441,15,7.3876,456,30.1454,4.0806,0.6646000000000001,0.5685
64,0,7,91,39,441,15,7.3876,456,30.1454,4.0806,0.6646000000000001,0.5685
65,0,12,839,35,432,14,6.82,446,28.3324,4.1543,0.6613,0.5631
66,0,12,839,35,432,14,6.82,446,28.3324,4.1543,0.6613,0.5631
67,0,1,80,23,473,15,7.4392,488,30.2393,4.0649,0.6653,0.5697
68,0,1,80,23,473,15,7.4392,488,30.2393,4.0649,0.6653,0.5697
69,0,2,37,12,461,17,8.347,478,33.4515,4.0076,0.6678000000000001,0.5739000000000001
70,0,2,37,12,461,17,8.347,478,33.4515,4.0076,0.6678000000000001,0.5739000000000001
71,0,4,7,4,451,16,8.1055,467,32.232,3.9766,0.6692,0.5762
72,0,4,7,4,451,16,8.1055,467,32.232,3.9766,0.6692,0.5762
73,0,5,105,99,450,12,6.2483,462,25.7319,4.1182,0.6629,0.5657
74,0,5,105,99,450,12,6.2483,462,25.7319,4.1182,0.6629,0.5657
75,0,7,13,39,478,17,8.2705,495,33.3123,4.0279,0.667,0.5724
76,0,7,13,39,478,17,8.2705,495,33.3123,4.0279,0.667,0.5724
77,0,14,233,92,476,7,3.6151,483,17.0395,4.7134,0.6358,0.5215000000000001
78,0,14,233,92,476,7,3.6151,483,17.0395,4.7134,0.6358,0.5215000000000001
79,0,3,164,47,488,17,8.4843,505,33.7014,3.9722,0.6694,0.5765
80,0,3,164,47,488,17,8.4843,505,33.7014,3.9722,0.6694,0.5765
81,0,4,117,4,509,14,7.0982,523,28.8387,4.0628,0.6654,0.5698
82,0,4,117,4,509,14,7.0982,523,28.8387,4.0628,0.6654,0.5698
83,0,5,91,99,505,14,6.9716000000000005,519,28.6084,4.1035,0.6636000000000001,0.5668000000000001
84,0,5,91,99,505,14,6.9716000000000005,519,28.6084,4.1035,0.6636000000000001,0.5668000000000001
85,0,7,165,39,484,3,1.3131,487,9.7299,7.4098,0.5045000000000001,0.3267
86,0,7,165,39,484,3,1.3131,487,9.7299,7.4098,0.5045000000000001,0.3267
87,0,11,734,55,493,15,7.5963,508,30.5253,4.0184,0.6674,0.5731
88,0,11,734,55,493,15,7.5963,508,30.5253,4.0184,0.6674,0.5731
89,0,14,30,92,495,7,3.6722,502,17.1433,4.6685,0.6379,0.5248
90,0,14,30,92,495,7,3.6722,502,17.1433,4.6685,0.6379,0.5248
91,0,4,48,4,513,14,7.0206,527,28.6976,4.0876,0.6643,0.5680000000000001
92,0,4,48,4,513,14,7.0206,527,28.6976,4.0876,0.6643,0.5680000000000001
93,0,5,16,99,534,7,3.3565,541,16.5688,4.9363,0.6254000000000001,0.5048
94,0,5,16,99,534,7,3.3565,541,16.5688,4.9363,0.6254000000000001,0.5048
95,0,7,532,39,512,13,6.4982,525,26.9668,4.1499,0.6615,0.5634
96,0,7,532,39,512,13,6.4982,525,26.9668,4.1499,0.6615,0.5634
97,0,11,190,55,519,6,3.0022,525,15.1439,5.0443,0.6204000000000001,0.49670000000000003
98,0,11,190,55,519,6,3.0022,525,15.1439,5.0443,0.6204000000000001,0.49670000000000003
99,0,3,105,47,563,11,5.2874,574,23.203,4.3884,0.6507000000000001,0.5457000000000001
100,0,3,105,47,563,11,5.2874,574,23.203,4.3884,0.6507000000000001,0.5457000000000001
101,0,4,37,4,559,4,1.9912,563,11.744,5.8979,0.5794,0.43310000000000004
102,0,4,37,4,559,4,1.9912,563,11.744,5.8979,0.5794,0.43310000000000004
103,0,13,190,91,545,15,7.5129,560,30.3735,4.0428,0.6663,0.5713
104,0,13,190,91,545,15,7.5129,560,30.3735,4.0428,0.6663,0.5713
105,0,4,204,4,590,15,7.4643,605,30.285,4.0573,0.6656000000000001,0.5702
106,0,4,204,4,590,15,7.4643,605,30.285,4.0573,0.6656000000000001,0.5702
107,0,7,117,39,584,5,2.7465,589,13.8986,5.0605,0.6196,0.4955
108,0,7,117,39,584,5,2.7465,589,13.8986,5.0605,0.6196,0.4955
109,0,15,62,78,572,7,3.6417,579,17.088,4.6923,0.6368,0.5231
110,0,15,62,78,572,7,3.6417,579,17.088,4.6923,0.6368,0.5231
111,0,13,804,91,604,7,3.2808,611,16.4311,5.0082,0.6221,0.4994
112,0,13,804,91,604,7,3.2808,611,16.4311,5.0082,0.6221,0.4994
113,0,10,770,96,665,6,3.1792,671,15.4662,4.8648,0.6288,0.5101
114,0,10,770,96,665,6,3.1792,671,15.4662,4.8648,0.6288,0.5101
115,0,11,860,55,662,17,8.4186,679,33.5818,3.989,0.6687000000000001,0.5752
116,0,11,860,55,662,17,8.4186,679,33.5818,3.989,0.6687000000000001,0.5752
117,0,6,896,42,897,13,6.3859,910,26.7624,4.1908,0.6597000000000001,0.5604
118,0,6,896,42,897,13,6.3859,910,26.7624,4.1908,0.6597000000000001,0.5604
119,0,5,923,67,934,13,6.4024,947,26.7923,4.1847,0.6599,0.5608000000000001
120,0,5,923,67,934,13,6.4024,947,26.7923,4.1847,0.6599,0.5608000000000001
121,0,6,405,42,1009,11,5.6301,1020,23.8268,4.232,0.6578,0.5573
122,0,6,405,42,1009,11,5.6301,1020,23.8268,4.232,0.6578,0.5573
123,0,7,879,39,999,9,4.5926,1008,20.3786,4.4372,0.6485000000000001,0.5421
124,0,7,879,39,999,9,4.5926,1008,20.3786,4.4372,0.6485000000000001,0.5421
125,0,5,348,67,1045,10,4.9153,1055,21.7459,4.4241,0.6491,0.5431
126,0,5,348,67,1045,10,4.9153,1055,21.7459,4.4241,0.6491,0.5431
127,0,6,298,42,1023,5,2.5962,1028,13.6251,5.2481,0.6107,0.48140000000000005
128,0,6,298,42,1023,5,2.5962,1028,13.6251,5.2481,0.6107,0.48140000000000005
129,0,5,271,67,1053,13,6.5881,1066,27.1303,4.1181,0.6629,0.5658000000000001
130,0,5,271,67,1053,13,6.5881,1066,27.1303,4.1181,0.6629,0.5658000000000001
131,0,6,327,42,1065,4,2.2338,1069,12.1856,5.455,0.6008,0.46590000000000004
132,0,6,327,42,1065,4,2.2338,1069,12.1856,5.455,0.6008,0.46590000000000004
133,0,11,791,57,67,11,5.6882,78,23.9325,4.2074,0.6589,0.5592
134,0,11,791,57,67,11,5.6882,78,23.9325,4.2074,0.6589,0.5592
135,0,11,791,57,67,11,5.6882,78,23.9325,4.2074,0.6589,0.5592
136,0,13,897,12,350,12,5.8091,362,24.9325,4.292,0.6551,0.5529000000000001
137,0,13,897,12,350,12,5.8091,362,24.9325,4.292,0.6551,0.5529000000000001
138,0,13,897,12,350,12,5.8091,362,24.9325,4.292,0.6551,0.5529000000000001
139,0,3,184,98,386,17,8.7471,403,34.1798,3.9075,0.6723,0.5812
140,0,3,184,98,386,17,8.7471,403,34.1798,3.9075,0.6723,0.5812
141,0,3,184,98,386,17,8.7471,403,34.1798,3.9075,0.6723,0.5812
142,0,2,71,99,400,12,6.1488,412,25.5509,4.1554,0.6613,0.5630000000000001
143,0,2,71,99,400,12,6.1488,412,25.5509,4.1554,0.6613,0.5630000000000001
144,0,2,71,99,400,12,6.1488,412,25.5509,4.1554,0.6613,0.5630000000000001
145,0,3,0,98,398,7,3.3016,405,16.4689,4.9882,0.623,0.5009
146,0,3,0,98,398,7,3.3016,405,16.4689,4.9882,0.623,0.5009
147,0,3,0,98,398,7,3.3016,405,16.4689,4.9882,0.623,0.5009
148,0,13,235,12,409,13,6.4548,422,26.8877,4.1656,0.6608,0.5623
149,0,13,235,12,409,13,6.4548,422,26.8877,4.1656,0.6608,0.5623
150,0,13,235,12,409,13,6.4548,422,26.8877,4.1656,0.6608,0.5623
151,0,0,18,77,421,17,8.5125,438,33.7527,3.9651,0.6697000000000001,0.577
152,0,0,18,77,421,17,8.5125,438,33.7527,3.9651,0.6697000000000001,0.577
153,0,0,18,77,421,17,8.5125,438,33.7527,3.9651,0.6697000000000001,0.577
154,0,2,232,99,430,9,4.6291,439,20.445,4.4166,0.6495000000000001,0.5436
155,0,2,232,99,430,9,4.6291,439,20.445,4.4166,0.6495000000000001,0.5436
156,0,2,232,99,430,9,4.6291,439,20.445,4.4166,0.6495000000000001,0.5436
157,0,6,0,4,430,4,1.9343000000000001,434,11.6405,6.0178,0.5736,0.4243
158,0,6,0,4,430,4,1.9343000000000001,434,11.6405,6.0178,0.5736,0.4243
159,0,6,0,4,430,4,1.9343000000000001,434,11.6405,6.0178,0.5736,0.4243
160,0,10,88,19,438,14,6.7847,452,28.2682,4.1664,0.6608,0.5622
161,0,10,88,19,438,14,6.7847,452,28.2682,4.1664,0.6608,0.5622
162,0,10,88,19,438,14,6.7847,452,28.2682,4.1664,0.6608,0.5622
163,0,13,32,12,428,13,6.2823,441,26.5738,4.2299,0.6579,0.5575
164,0,13,32,12,428,13,6.2823,441,26.5738,4.2299,0.6579,0.5575
165,0,13,32,12,428,13,6.2823,441,26.5738,4.2299,0.6579,0.5575
166,0,2,924,99,476,14,7.1974,490,29.0193,4.0319,0.6668000000000001,0.5721
167,0,2,924,99,476,14,7.1974,490,29.0193,4.0319,0.6668000000000001,0.5721
168,0,2,924,99,476,14,7.1974,490,29.0193,4.0319,0.6668000000000001,0.5721
169,0,10,170,19,460,9,4.6169,469,20.4228,4.4235,0.6491,0.5431
170,0,10,170,19,460,9,4.6169,469,20.4228,4.4235,0.6491,0.5431
171,0,10,170,19,460,9,4.6169,469,20.4228,4.4235,0.6491,0.5431
172,0,13,14,12,468,11,5.6381,479,23.8413,4.2286,0.658,0.5576
173,0,13,14,12,468,11,5.6381,479,23.8413,4.2286,0.658,0.5576
174,0,13,14,12,468,11,5.6381,479,23.8413,4.2286,0.658,0.5576
175,0,14,181,10,462,20,9.7563,482,38.3564,3.9315,0.6712,0.5795
176,0,14,181,10,462,20,9.7563,482,38.3564,3.9315,0.6712,0.5795
177,0,14,181,10,462,20,9.7563,482,38.3564,3.9315,0.6712,0.5795
178,0,1,176,53,499,9,4.6036,508,20.3985,4.431,0.6488,0.5426
179,0,1,176,53,499,9,4.6036,508,20.3985,4.431,0.6488,0.5426
180,0,1,176,53,499,9,4.6036,508,20.3985,4.431,0.6488,0.5426
181,0,9,154,41,498,3,1.7194,501,10.4693,6.0889,0.5701,0.41910000000000003
182,0,9,154,41,498,3,1.7194,501,10.4693,6.0889,0.5701,0.41910000000000003
183,0,9,154,41,498,3,1.7194,501,10.4693,6.0889,0.5701,0.41910000000000003
184,0,13,60,12,489,11,5.7456,500,24.037,4.1835,0.66,0.5609000000000001
185,0,13,60,12,489,11,5.7456,500,24.037,4.1835,0.66,0.5609000000000001
186,0,13,60,12,489,11,5.7456,500,24.037,4.1835,0.66,0.5609000000000001
187,0,14,108,10,494,16,8.0062,510,32.0514,4.0033,0.668,0.5742
188,0,14,108,10,494,16,8.0062,510,32.0514,4.0033,0.668,0.5742
189,0,14,108,10,494,16,8.0062,510,32.0514,4.0033,0.668,0.5742
190,0,4,149,3,523,10,5.1429,533,22.1601,4.3089,0.6544,0.5517000000000001
191,0,4,149,3,523,10,5.1429,533,22.1601,4.3089,0.6544,0.5517000000000001
192,0,4,149,3,523,10,5.1429,533,22.1601,4.3089,0.6544,0.5517000000000001
193,0,8,131,18,529,16,7.8253,545,31.7221,4.0538,0.6658000000000001,0.5705
194,0,8,131,18,529,16,7.8253,545,31.7221,4.0538,0.6658000000000001,0.5705
195,0,8,131,18,529,16,7.8253,545,31.7221,4.0538,0.6658000000000001,0.5705
196,0,9,97,41,511,15,7.3999,526,30.1678,4.0768,0.6648000000000001,0.5688
197,0,9,97,41,511,15,7.3999,526,30.1678,4.0768,0.6648000000000001,0.5688
198,0,9,97,41,511,15,7.3999,526,30.1678,4.0768,0.6648000000000001,0.5688
199,0,10,105,19,536,9,4.645,545,20.4739,4.4077,0.6499,0.5443
200,0,10,105,19,536,9,4.645,545,20.4739,4.4077,0.6499,0.5443
201,0,10,105,19,536,9,4.645,545,20.4739,4.4077,0.6499,0.5443
202,0,13,5,12,511,7,3.6011,518,17.0139,4.7247,0.6353,0.5206000000000001
203,0,13,5,12,511,7,3.6011,518,17.0139,4.7247,0.6353,0.5206000000000001
204,0,13,5,12,511,7,3.6011,518,17.0139,4.7247,0.6353,0.5206000000000001
205,0,14,189,10,539,13,6.7041,552,27.3414,4.0783,0.6647000000000001,0.5687
206,0,14,189,10,539,13,6.7041,552,27.3414,4.0783,0.6647000000000001,0.5687
207,0,14,189,10,539,13,6.7041,552,27.3414,4.0783,0.6647000000000001,0.5687
208,0,8,9,18,563,0,0.0658,563,5.1197,5.1197,0.6168,0.491
209,0,8,9,18,563,0,0.0658,563,5.1197,5.1197,0.6168,0.491
210,0,8,9,18,563,0,0.0658,563,5.1197,5.1197,0.6168,0.491
211,0,13,111,12,548,10,4.7681000000000004,558,21.478,4.5045,0.6455000000000001,0.5371
212,0,13,111,12,548,10,4.7681000000000004,558,21.478,4.5045,0.6455000000000001,0.5371
213,0,13,111,12,548,10,4.7681000000000004,558,21.478,4.5045,0.6455000000000001,0.5371
214,0,4,954,3,598,9,4.3854,607,20.0014,4.5609,0.6429,0.5329
215,0,4,954,3,598,9,4.3854,607,20.0014,4.5609,0.6429,0.5329
216,0,4,954,3,598,9,4.3854,607,20.0014,4.5609,0.6429,0.5329
217,0,15,14,9,571,6,3.0044,577,15.148,5.042,0.6205,0.4969
218,0,15,14,9,571,6,3.0044,577,15.148,5.042,0.6205,0.4969
219,0,15,14,9,571,6,3.0044,577,15.148,5.042,0.6205,0.4969
220,0,13,931,12,675,8,3.9353000000000002,683,18.4023,4.6762,0.6376000000000001,0.5243
221,0,13,931,12,675,8,3.9353000000000002,683,18.4023,4.6762,0.6376000000000001,0.5243
222,0,13,931,12,675,8,3.9353000000000002,683,18.4023,4.6762,0.6376000000000001,0.5243
223,0,1,920,53,697,16,7.7886,713,31.6553,4.0643,0.6653,0.5697
224,0,1,920,53,697,16,7.7886,713,31.6553,4.0643,0.6653,0.5697
225,0,1,920,53,697,16,7.7886,713,31.6553,4.0643,0.6653,0.5697
226,0,3,865,73,712,9,4.6564,721,20.4947,4.4014,0.6502,0.5448000000000001
227,0,3,865,73,712,9,4.6564,721,20.4947,4.4014,0.6502,0.5448000000000001
228,0,3,865,73,712,9,4.6564,721,20.4947,4.4014,0.6502,0.5448000000000001
229,0,5,925,44,882,4,1.8088,886,11.4121,6.3091,0.5593,0.4031
230,0,5,925,44,882,4,1.8088,886,11.4121,6.3091,0.5593,0.4031
231,0,5,925,44,882,4,1.8088,886,11.4121,6.3091,0.5593,0.4031
232,0,7,870,80,956,6,3.0717,962,15.2706,4.9713,0.6238,0.5022
233,0,7,870,80,956,6,3.0717,962,15.2706,4.9713,0.6238,0.5022
234,0,7,870,80,956,6,3.0717,962,15.2706,4.9713,0.6238,0.5022
235,0,0,414,31,980,2,1.0864,982,8.5372,7.8583,0.48210000000000003,0.2979
236,0,0,414,31,980,2,1.0864,982,8.5372,7.8583,0.48210000000000003,0.2979
237,0,0,414,31,980,2,1.0864,982,8.5372,7.8583,0.48210000000000003,0.2979
238,0,8,953,1,978,11,5.3804,989,23.3723,4.344,0.6528,0.549
239,0,8,953,1,978,11,5.3804,989,23.3723,4.344,0.6528,0.549
240,0,8,953,1,978,11,5.3804,989,23.3723,4.344,0.6528,0.549
241,0,8,266,1,1003,14,7.0311,1017,28.7165,4.0842,0.6644,0.5683
242,0,8,266,1,1003,14,7.0311,1017,28.7165,4.0842,0.6644,0.5683
243,0,8,266,1,1003,14,7.0311,1017,28.7165,4.0842,0.6644,0.5683
244,0,8,319,1,1058,14,6.8608,1072,28.4067,4.1404,0.6619,0.5641
245,0,8,319,1,1058,14,6.8608,1072,28.4067,4.1404,0.6619,0.5641
246,0,8,319,1,1058,14,6.8608,1072,28.4067,4.1404,0.6619,0.5641
247,0,0,253,31,1083,19,9.4208,1102,36.9659,3.9239,0.6716000000000001,0.58
248,0,0,253,31,1083,19,9.4208,1102,36.9659,3.9239,0.6716000000000001,0.58
249,0,0,253,31,1083,19,9.4208,1102,36.9659,3.9239,0.6716000000000001,0.58
250,0,2,348,61,1125,9,4.3335,1134,19.907,4.5937,0.6414000000000001,0.5304
251,0,2,348,61,1125,9,4.3335,1134,19.907,4.5937,0.6414000000000001,0.5304
252,0,2,348,61,1125,9,4.3335,1134,19.907,4.5937,0.6414000000000001,0.5304
253,0,11,305,33,1114,18,9.2206,1132,35.8216,3.8849,0.6733,0.5829
254,0,11,305,33,1114,18,9.2206,1132,35.8216,3.8849,0.6733,0.5829
255,0,11,305,33,1114,18,9.2206,1132,35.8216,3.8849,0.6733,0.5829
256,0,0,274,31,1165,10,4.8879,1175,21.6959,4.4387,0.6485000000000001,0.542
257,0,0,274,31,1165,10,4.8879,1175,21.6959,4.4387,0.6485000000000001,0.542
258,0,0,274,31,1165,10,4.8879,1175,21.6959,4.4387,0.6485000000000001,0.542
259,0,2,286,61,1157,6,3.1329,1163,15.3818,4.9098,0.6267,0.5068
260,0,2,286,61,1157,6,3.1329,1163,15.3818,4.9098,0.6267,0.5068
261,0,2,286,61,1157,6,3.1329,1163,15.3818,4.9098,0.6267,0.5068
262,0,8,495,1,1188,11,5.3344,1199,23.2886,4.3657,0.6518,0.5474
263,0,8,495,1,1188,11,5.3344,1199,23.2886,4.3657,0.6518,0.5474
264,0,8,495,1,1188,11,5.3344,1199,23.2886,4.3657,0.6518,0.5474
265,0,0,894,31,1221,2,1.0093,1223,8.3969,8.3195,0.4591,0.26980000000000004
266,0,0,894,31,1221,2,1.0093,1223,8.3969,8.3195,0.4591,0.26980000000000004
267,0,0,894,31,1221,2,1.0093,1223,8.3969,8.3195,0.4591,0.26980000000000004
268,0,2,729,61,1246,6,2.9406,1252,15.0319,5.1118,0.6172000000000001,0.49160000000000004
269,0,2,729,61,1246,6,2.9406,1252,15.0319,5.1118,0.6172000000000001,0.49160000000000004
270,0,2,729,61,1246,6,2.9406,1252,15.0319,5.1118,0.6172000000000001,0.49160000000000004
271,0,2,961,61,1282,16,7.8404,1298,31.7495,4.0495,0.666,0.5708
272,0,2,961,61,1282,16,7.8404,1298,31.7495,4.0495,0.666,0.5708
273,0,2,961,61,1282,16,7.8404,1298,31.7495,4.0495,0.666,0.5708
274,0,15,543,9,1280,4,2.0474,1284,11.8462,5.786,0.5849,0.4413
275,0,15,543,9,1280,4,2.0474,1284,11.8462,5.786,0.5849,0.4413
276,0,15,543,9,1280,4,2.0474,1284,11.8462,5.786,0.5849,0.4413
277,0,11,744,33,1319,18,9.2165,1337,35.814,3.8859,0.6732,0.5828
278,0,11,744,33,1319,18,9.2165,1337,35.814,3.8859,0.6732,0.5828
279,0,11,744,33,1319,18,9.2165,1337,35.814,3.8859,0.6732,0.5828
280,0,2,549,61,1330,13,6.3924,1343,26.7741,4.1884,0.6598,0.5606
281,0,2,549,61,1330,13,6.3924,1343,26.7741,4.1884,0.6598,0.5606
282,0,2,549,61,1330,13,6.3924,1343,26.7741,4.1884,0.6598,0.5606
283,0,1,520,58,1353,8,4.0293,1361,18.5732,4.6096,0.6406000000000001,0.5292
284,0,1,520,58,1353,8,4.0293,1361,18.5732,4.6096,0.6406000000000001,0.5292
285,0,1,520,58,1353,8,4.0293,1361,18.5732,4.6096,0.6406000000000001,0.5292
286,0,2,734,61,1376,17,8.448,1393,33.6353,3.9815,0.669,0.5758
287,0,2,734,61,1376,17,8.448,1393,33.6353,3.9815,0.669,0.5758
288,0,2,734,61,1376,17,8.448,1393,33.6353,3.9815,0.669,0.5758
289,0,1,748,58,1382,10,4.8812,1392,21.6837,4.4423,0.6483,0.5417000000000001
290,0,1,748,58,1382,10,4.8812,1392,21.6837,4.4423,0.6483,0.5417000000000001
291,0,1,748,58,1382,10,4.8812,1392,21.6837,4.4423,0.6483,0.5417000000000001
292,0,2,556,61,1400,12,6.0892,1412,25.4423,4.1783,0.6602,0.5613
293,0,2,556,61,1400,12,6.0892,1412,25.4423,4.1783,0.6602,0.5613
294,0,2,556,61,1400,12,6.0892,1412,25.4423,4.1783,0.6602,0.5613
295,0,15,747,9,1382,10,5.1351,1392,22.1458,4.3127,0.6542,0.5514
296,0,15,747,9,1382,10,5.1351,1392,22.1458,4.3127,0.6542,0.5514
297,0,15,747,9,1382,10,5.1351,1392,22.1458,4.3127,0.6542,0.5514
298,0,2,800,61,1428,2,1.0495,1430,8.4701,8.0705,0.47150000000000003,0.2847
299,0,2,800,61,1428,2,1.0495,1430,8.4701,8.0705,0.47150000000000003,0.2847
300,0,2,800,61,1428,2,1.0495,1430,8.4701,8.0705,0.47150000000000003,0.2847
301,0,15,658,9,1422,20,9.8055,1442,38.446,3.9209,0.6717000000000001,0.5802
302,0,15,658,9,1422,20,9.8055,1442,38.446,3.9209,0.6717000000000001,0.5802
303,0,15,658,9,1422,20,9.8055,1442,38.446,3.9209,0.6717000000000001,0.5802
304,0,4,895,75,294,15,7.4527,309,30.264,4.0608,0.6655,0.5700000000000001
305,0,4,895,75,294,15,7.4527,309,30.264,4.0608,0.6655,0.5700000000000001
306,0,4,895,75,294,15,7.4527,309,30.264,4.0608,0.6655,0.5700000000000001
307,0,4,895,75,294,15,7.4527,309,30.264,4.0608,0.6655,0.5700000000000001
308,0,4,769,75,306,11,5.3871,317,23.3845,4.3408,0.6529,0.5493
309,0,4,769,75,306,11,5.3871,317,23.3845,4.3408,0.6529,0.5493
310,0,4,769,75,306,11,5.3871,317,23.3845,4.3408,0.6529,0.5493
311,0,4,769,75,306,11,5.3871,317,23.3845,4.3408,0.6529,0.5493
312,0,13,147,56,387,15,7.4347,402,30.2311,4.0662,0.6652,0.5696
313,0,13,147,56,387,15,7.4347,402,30.2311,4.0662,0.6652,0.5696
314,0,13,147,56,387,15,7.4347,402,30.2311,4.0662,0.6652,0.5696
315,0,13,147,56,387,15,7.4347,402,30.2311,4.0662,0.6652,0.5696
316,0,6,173,58,432,9,4.7135,441,20.5986,4.3701,0.6516000000000001,0.5471
317,0,6,173,58,432,9,4.7135,441,20.5986,4.3701,0.6516000000000001,0.5471
318,0,6,173,58,432,9,4.7135,441,20.5986,4.3701,0.6516000000000001,0.5471
319,0,6,173,58,432,9,4.7135,441,20.5986,4.3701,0.6516000000000001,0.5471
320,0,8,39,62,441,15,7.6095,456,30.5493,4.0146,0.6675,0.5734
321,0,8,39,62,441,15,7.6095,456,30.5493,4.0146,0.6675,0.5734
322,0,8,39,62,441,15,7.6095,456,30.5493,4.0146,0.6675,0.5734
323,0,8,39,62,441,15,7.6095,456,30.5493,4.0146,0.6675,0.5734
324,0,10,77,52,441,7,3.702,448,17.1976,4.6455,0.639,0.5266000000000001
325,0,10,77,52,441,7,3.702,448,17.1976,4.6455,0.639,0.5266000000000001
326,0,10,77,52,441,7,3.702,448,17.1976,4.6455,0.639,0.5266000000000001
327,0,10,77,52,441,7,3.702,448,17.1976,4.6455,0.639,0.5266000000000001
328,0,1,4,53,463,11,5.4155,474,23.4362,4.3276,0.6535000000000001,0.5503
329,0,1,4,53,463,11,5.4155,474,23.4362,4.3276,0.6535000000000001,0.5503
330,0,1,4,53,463,11,5.4155,474,23.4362,4.3276,0.6535000000000001,0.5503
331,0,1,4,53,463,11,5.4155,474,23.4362,4.3276,0.6535000000000001,0.5503
332,0,6,109,58,456,9,4.5467,465,20.295,4.4637,0.6473,0.5401
333,0,6,109,58,456,9,4.5467,465,20.295,4.4637,0.6473,0.5401
334,0,6,109,58,456,9,4.5467,465,20.295,4.4637,0.6473,0.5401
335,0,6,109,58,456,9,4.5467,465,20.295,4.4637,0.6473,0.5401
336,0,8,177,62,476,7,3.7181,483,17.227,4.6332,0.6395000000000001,0.5275000000000001
337,0,8,177,62,476,7,3.7181,483,17.227,4.6332,0.6395000000000001,0.5275000000000001
338,0,8,177,62,476,7,3.7181,483,17.227,4.6332,0.6395000000000001,0.5275000000000001
339,0,8,177,62,476,7,3.7181,483,17.227,4.6332,0.6395000000000001,0.5275000000000001
340,0,10,217,52,473,10,5.1502,483,22.1733,4.3054,0.6545000000000001,0.5519000000000001
341,0,10,217,52,473,10,5.1502,483,22.1733,4.3054,0.6545000000000001,0.5519000000000001
342,0,10,217,52,473,10,5.1502,483,22.1733,4.3054,0.6545000000000001,0.5519000000000001
343,0,10,217,52,473,10,5.1502,483,22.1733,4.3054,0.6545000000000001,0.5519000000000001
344,0,15,48,14,456,7,3.7044,463,17.202,4.6437,0.6391,0.5267000000000001
345,0,15,48,14,456,7,3.7044,463,17.202,4.6437,0.6391,0.5267000000000001
346,0,15,48,14,456,7,3.7044,463,17.202,4.6437,0.6391,0.5267000000000001
347,0,15,48,14,456,7,3.7044,463,17.202,4.6437,0.6391,0.5267000000000001
348,0,12,45,41,483,24,11.7769,507,45.154,3.8341,0.6755,0.5866
349,0,12,45,41,483,24,11.7769,507,45.154,3.8341,0.6755,0.5866
350,0,12,45,41,483,24,11.7769,507,45.154,3.8341,0.6755,0.5866
351,0,12,45,41,483,24,11.7769,507,45.154,3.8341,0.6755,0.5866
352,0,14,206,60,503,21,10.3125,524,40.1488,3.8932,0.6729,0.5823
353,0,14,206,60,503,21,10.3125,524,40.1488,3.8932,0.6729,0.5823
354,0,14,206,60,503,21,10.3125,524,40.1488,3.8932,0.6729,0.5823
355,0,14,206,60,503,21,10.3125,524,40.1488,3.8932,0.6729,0.5823
356,0,15,7,14,500,7,3.3783,507,16.6084,4.9163,0.6264000000000001,0.5063
357,0,15,7,14,500,7,3.3783,507,16.6084,4.9163,0.6264000000000001,0.5063
358,0,15,7,14,500,7,3.3783,507,16.6084,4.9163,0.6264000000000001,0.5063
359,0,15,7,14,500,7,3.3783,507,16.6084,4.9163,0.6264000000000001,0.5063
360,0,7,75,42,532,17,8.3187,549,33.4,4.0151,0.6675,0.5733
361,0,7,75,42,532,17,8.3187,549,33.4,4.0151,0.6675,0.5733
362,0,7,75,42,532,17,8.3187,549,33.4,4.0151,0.6675,0.5733
363,0,7,75,42,532,17,8.3187,549,33.4,4.0151,0.6675,0.5733
364,0,14,177,60,537,15,7.4188,552,30.2022,4.071,0.665,0.5692
365,0,14,177,60,537,15,7.4188,552,30.2022,4.071,0.665,0.5692
366,0,14,177,60,537,15,7.4188,552,30.2022,4.071,0.665,0.5692
367,0,14,177,60,537,15,7.4188,552,30.2022,4.071,0.665,0.5692
368,0,15,72,14,524,11,5.3469,535,23.3114,4.3598,0.652,0.5479
369,0,15,72,14,524,11,5.3469,535,23.3114,4.3598,0.652,0.5479
370,0,15,72,14,524,11,5.3469,535,23.3114,4.3598,0.652,0.5479
371,0,15,72,14,524,11,5.3469,535,23.3114,4.3598,0.652,0.5479
372,0,6,102,58,545,6,2.7938,551,14.7646,5.2849,0.609,0.4786
373,0,6,102,58,545,6,2.7938,551,14.7646,5.2849,0.609,0.4786
374,0,6,102,58,545,6,2.7938,551,14.7646,5.2849,0.609,0.4786
375,0,6,102,58,545,6,2.7938,551,14.7646,5.2849,0.609,0.4786
376,0,11,138,17,552,5,2.3494,557,13.176,5.6081,0.5935,0.4545
377,0,11,138,17,552,5,2.3494,557,13.176,5.6081,0.5935,0.4545
378,0,11,138,17,552,5,2.3494,557,13.176,5.6081,0.5935,0.4545
379,0,11,138,17,552,5,2.3494,557,13.176,5.6081,0.5935,0.4545
380,0,15,141,14,561,12,5.9245,573,25.1425,4.2438,0.6573,0.5565
381,0,15,141,14,561,12,5.9245,573,25.1425,4.2438,0.6573,0.5565
382,0,15,141,14,561,12,5.9245,573,25.1425,4.2438,0.6573,0.5565
383,0,15,141,14,561,12,5.9245,573,25.1425,4.2438,0.6573,0.5565
384,0,6,166,58,585,12,5.9546,597,25.1973,4.2316,0.6578,0.5574
385,0,6,166,58,585,12,5.9546,597,25.1973,4.2316,0.6578,0.5574
386,0,6,166,58,585,12,5.9546,597,25.1973,4.2316,0.6578,0.5574
387,0,6,166,58,585,12,5.9546,597,25.1973,4.2316,0.6578,0.5574
388,0,7,32,42,575,19,9.547,594,37.1955,3.896,0.6728000000000001,0.582
389,0,7,32,42,575,19,9.547,594,37.1955,3.896,0.6728000000000001,0.582
390,0,7,32,42,575,19,9.547,594,37.1955,3.896,0.6728000000000001,0.582
391,0,7,32,42,575,19,9.547,594,37.1955,3.896,0.6728000000000001,0.582
392,0,11,860,17,598,18,8.8413,616,35.1312,3.9735,0.6694,0.5764
393,0,11,860,17,598,18,8.8413,616,35.1312,3.9735,0.6694,0.5764
394,0,11,860,17,598,18,8.8413,616,35.1312,3.9735,0.6694,0.5764
395,0,11,860,17,598,18,8.8413,616,35.1312,3.9735,0.6694,0.5764
396,0,14,49,60,578,8,4.002,586,18.5237,4.6286,0.6398,0.5278
397,0,14,49,60,578,8,4.002,586,18.5237,4.6286,0.6398,0.5278
398,0,14,49,60,578,8,4.002,586,18.5237,4.6286,0.6398,0.5278
399,0,14,49,60,578,8,4.002,586,18.5237,4.6286,0.6398,0.5278
400,0,2,942,40,618,9,4.4357,627,20.093,4.5298,0.6443,0.5352
401,0,2,942,40,618,9,4.4357,627,20.093,4.5298,0.6443,0.5352
402,0,2,942,40,618,9,4.4357,627,20.093,4.5298,0.6443,0.5352
403,0,2,942,40,618,9,4.4357,627,20.093,4.5298,0.6443,0.5352
404,0,9,878,29,621,13,6.4684,634,26.9125,4.1606,0.661,0.5626
405,0,9,878,29,621,13,6.4684,634,26.9125,4.1606,0.661,0.5626
406,0,9,878,29,621,13,6.4684,634,26.9125,4.1606,0.661,0.5626
407,0,9,878,29,621,13,6.4684,634,26.9125,4.1606,0.661,0.5626
408,0,11,160,17,604,8,4.1102,612,18.7206,4.5546,0.6432,0.5334
409,0,11,160,17,604,8,4.1102,612,18.7206,4.5546,0.6432,0.5334
410,0,11,160,17,604,8,4.1102,612,18.7206,4.5546,0.6432,0.5334
411,0,11,160,17,604,8,4.1102,612,18.7206,4.5546,0.6432,0.5334
412,0,15,863,14,646,9,4.4773,655,20.1687,4.5047,0.6454000000000001,0.5371
413,0,15,863,14,646,9,4.4773,655,20.1687,4.5047,0.6454000000000001,0.5371
414,0,15,863,14,646,9,4.4773,655,20.1687,4.5047,0.6454000000000001,0.5371
415,0,15,863,14,646,9,4.4773,655,20.1687,4.5047,0.6454000000000001,0.5371
416,0,2,866,40,711,12,6.1138,723,25.4871,4.1688,0.6607000000000001,0.562
417,0,2,866,40,711,12,6.1138,723,25.4871,4.1688,0.6607000000000001,0.562
418,0,2,866,40,711,12,6.1138,723,25.4871,4.1688,0.6607000000000001,0.562
419,0,2,866,40,711,12,6.1138,723,25.4871,4.1688,0.6607000000000001,0.562
420,0,7,877,42,727,13,6.6768,740,27.2917,4.0876,0.6643,0.5680000000000001
421,0,7,877,42,727,13,6.6768,740,27.2917,4.0876,0.6643,0.5680000000000001
422,0,7,877,42,727,13,6.6768,740,27.2917,4.0876,0.6643,0.5680000000000001
423,0,7,877,42,727,13,6.6768,740,27.2917,4.0876,0.6643,0.5680000000000001
424,0,0,757,95,835,11,5.4233,846,23.4503,4.324,0.6537000000000001,0.5505
425,0,0,757,95,835,11,5.4233,846,23.4503,4.324,0.6537000000000001,0.5505
426,0,0,757,95,835,11,5.4233,846,23.4503,4.324,0.6537000000000001,0.5505
427,0,0,757,95,835,11,5.4233,846,23.4503,4.324,0.6537000000000001,0.5505
428,0,3,767,96,838,9,4.3619,847,19.9587,4.5757,0.6422,0.5318
429,0,3,767,96,838,9,4.3619,847,19.9587,4.5757,0.6422,0.5318
430,0,3,767,96,838,9,4.3619,847,19.9587,4.5757,0.6422,0.5318
431,0,3,767,96,838,9,4.3619,847,19.9587,4.5757,0.6422,0.5318
432,0,6,485,68,961,13,6.3957,974,26.7801,4.1872,0.6598,0.5607
433,0,6,485,68,961,13,6.3957,974,26.7801,4.1872,0.6598,0.5607
434,0,6,485,68,961,13,6.3957,974,26.7801,4.1872,0.6598,0.5607
435,0,6,485,68,961,13,6.3957,974,26.7801,4.1872,0.6598,0.5607
436,0,7,770,42,1011,14,6.9191,1025,28.5128,4.1209,0.6628000000000001,0.5656
437,0,7,770,42,1011,14,6.9191,1025,28.5128,4.1209,0.6628000000000001,0.5656
438,0,7,770,42,1011,14,6.9191,1025,28.5128,4.1209,0.6628000000000001,0.5656
439,0,7,770,42,1011,14,6.9191,1025,28.5128,4.1209,0.6628000000000001,0.5656
440,0,0,273,95,1038,21,10.5851,1059,40.6448,3.8398,0.6753,0.5861000000000001
441,0,0,273,95,1038,21,10.5851,1059,40.6448,3.8398,0.6753,0.5861000000000001
442,0,0,273,95,1038,21,10.5851,1059,40.6448,3.8398,0.6753,0.5861000000000001
443,0,0,273,95,1038,21,10.5851,1059,40.6448,3.8398,0.6753,0.5861000000000001
444,0,6,468,68,1037,14,7.2028,1051,29.029,4.0303,0.6668000000000001,0.5722
445,0,6,468,68,1037,14,7.2028,1051,29.029,4.0303,0.6668000000000001,0.5722
446,0,6,468,68,1037,14,7.2028,1051,29.029,4.0303,0.6668000000000001,0.5722
447,0,6,468,68,1037,14,7.2028,1051,29.029,4.0303,0.6668000000000001,0.5722
448,0,7,441,42,1047,3,1.716,1050,10.4631,6.0974,0.5697,0.4184
449,0,7,441,42,1047,3,1.716,1050,10.4631,6.0974,0.5697,0.4184
450,0,7,441,42,1047,3,1.716,1050,10.4631,6.0974,0.5697,0.4184
451,0,7,441,42,1047,3,1.716,1050,10.4631,6.0974,0.5697,0.4184
452,0,6,430,68,1068,10,5.1703,1078,22.2099,4.2957,0.6549,0.5526
453,0,6,430,68,1068,10,5.1703,1078,22.2099,4.2957,0.6549,0.5526
454,0,6,430,68,1068,10,5.1703,1078,22.2099,4.2957,0.6549,0.5526
455,0,6,430,68,1068,10,5.1703,1078,22.2099,4.2957,0.6549,0.5526
456,0,7,286,42,1052,9,4.4481,1061,20.1155,4.5223,0.6446000000000001,0.5358
457,0,7,286,42,1052,9,4.4481,1061,20.1155,4.5223,0.6446000000000001,0.5358
458,0,7,286,42,1052,9,4.4481,1061,20.1155,4.5223,0.6446000000000001,0.5358
459,0,7,286,42,1052,9,4.4481,1061,20.1155,4.5223,0.6446000000000001,0.5358
460,0,0,250,95,1089,9,4.5962,1098,20.385,4.4352,0.6486000000000001,0.5423
461,0,0,250,95,1089,9,4.5962,1098,20.385,4.4352,0.6486000000000001,0.5423
462,0,0,250,95,1089,9,4.5962,1098,20.385,4.4352,0.6486000000000001,0.5423
463,0,0,250,95,1089,9,4.5962,1098,20.385,4.4352,0.6486000000000001,0.5423
464,0,6,285,68,1090,12,6.0415,1102,25.3556,4.1969,0.6594,0.5599000000000001
465,0,6,285,68,1090,12,6.0415,1102,25.3556,4.1969,0.6594,0.5599000000000001
466,0,6,285,68,1090,12,6.0415,1102,25.3556,4.1969,0.6594,0.5599000000000001
467,0,6,285,68,1090,12,6.0415,1102,25.3556,4.1969,0.6594,0.5599000000000001
468,0,7,319,42,1082,10,5.1345,1092,22.1449,4.3129,0.6542,0.5513
469,0,7,319,42,1082,10,5.1345,1092,22.1449,4.3129,0.6542,0.5513
470,0,7,319,42,1082,10,5.1345,1092,22.1449,4.3129,0.6542,0.5513
471,0,7,319,42,1082,10,5.1345,1092,22.1449,4.3129,0.6542,0.5513
472,0,0,420,95,1117,10,5.0096,1127,21.9174,4.3751,0.6514,0.5467000000000001
473,0,0,420,95,1117,10,5.0096,1127,21.9174,4.3751,0.6514,0.5467000000000001
474,0,0,420,95,1117,10,5.0096,1127,21.9174,4.3751,0.6514,0.5467000000000001
475,0,0,420,95,1117,10,5.0096,1127,21.9174,4.3751,0.6514,0.5467000000000001
476,0,6,440,68,1132,11,5.5128,1143,23.6133,4.2833,0.6555000000000001,0.5535
477,0,6,440,68,1132,11,5.5128,1143,23.6133,4.2833,0.6555000000000001,0.5535
478,0,6,440,68,1132,11,5.5128,1143,23.6133,4.2833,0.6555000000000001,0.5535
479,0,6,440,68,1132,11,5.5128,1143,23.6133,4.2833,0.6555000000000001,0.5535
480,0,7,280,42,1129,1,0.4345,1130,6.5708,6.5708,0.5463,0.38430000000000003
481,0,7,280,42,1129,1,0.4345,1130,6.5708,6.5708,0.5463,0.38430000000000003
482,0,7,280,42,1129,1,0.4345,1130,6.5708,6.5708,0.5463,0.38430000000000003
483,0,7,280,42,1129,1,0.4345,1130,6.5708,6.5708,0.5463,0.38430000000000003
484,0,10,386,44,1125,8,3.7808,1133,18.1211,4.7929,0.6321,0.5155000000000001
485,0,10,386,44,1125,8,3.7808,1133,18.1211,4.7929,0.6321,0.5155000000000001
486,0,10,386,44,1125,8,3.7808,1133,18.1211,4.7929,0.6321,0.5155000000000001
487,0,10,386,44,1125,8,3.7808,1133,18.1211,4.7929,0.6321,0.5155000000000001
488,0,0,351,95,1158,0,0.1061,1158,5.1931,5.1931,0.6133000000000001,0.48550000000000004
489,0,0,351,95,1158,0,0.1061,1158,5.1931,5.1931,0.6133000000000001,0.48550000000000004
490,0,0,351,95,1158,0,0.1061,1158,5.1931,5.1931,0.6133000000000001,0.48550000000000004
491,0,0,351,95,1158,0,0.1061,1158,5.1931,5.1931,0.6133000000000001,0.48550000000000004
492,0,8,545,67,1301,10,4.8626000000000005,1311,21.6499,4.4523,0.6478,0.541
493,0,8,545,67,1301,10,4.8626000000000005,1311,21.6499,4.4523,0.6478,0.541
494,0,8,545,67,1301,10,4.8626000000000005,1311,21.6499,4.4523,0.6478,0.541
495,0,8,545,67,1301,10,4.8626000000000005,1311,21.6499,4.4523,0.6478,0.541
496,0,8,742,67,1359,8,4.0314,1367,18.5771,4.6081,0.6407,0.5294
497,0,8,742,67,1359,8,4.0314,1367,18.5771,4.6081,0.6407,0.5294
498,0,8,742,67,1359,8,4.0314,1367,18.5771,4.6081,0.6407,0.5294
499,0,8,742,67,1359,8,4.0314,1367,18.5771,4.6081,0.6407,0.5294
500,0,8,783,21,185,19,9.7222,204,37.5143,3.8586,0.6744,0.5848
501,0,8,783,21,185,19,9.7222,204,37.5143,3.8586,0.6744,0.5848
502,0,8,783,21,185,19,9.7222,204,37.5143,3.8586,0.6744,0.5848
503,0,8,783,21,185,19,9.7222,204,37.5143,3.8586,0.6744,0.5848
504,0,8,783,21,185,19,9.7222,204,37.5143,3.8586,0.6744,0.5848
505,0,14,890,87,326,2,1.0362,328,8.4459,8.1509,0.4675,0.2798
506,0,14,890,87,326,2,1.0362,328,8.4459,8.1509,0.4675,0.2798
507,0,14,890,87,326,2,1.0362,328,8.4459,8.1509,0.4675,0.2798
508,0,14,890,87,326,2,1.0362,328,8.4459,8.1509,0.4675,0.2798
509,0,14,890,87,326,2,1.0362,328,8.4459,8.1509,0.4675,0.2798
510,0,7,45,93,372,13,6.3141,385,26.6317,4.2178,0.6585000000000001,0.5584
511,0,7,45,93,372,13,6.3141,385,26.6317,4.2178,0.6585000000000001,0.5584
512,0,7,45,93,372,13,6.3141,385,26.6317,4.2178,0.6585000000000001,0.5584
513,0,7,45,93,372,13,6.3141,385,26.6317,4.2178,0.6585000000000001,0.5584
514,0,7,45,93,372,13,6.3141,385,26.6317,4.2178,0.6585000000000001,0.5584
515,0,7,566,93,414,8,4.2381,422,18.9533,4.4722,0.6469,0.5395
516,0,7,566,93,414,8,4.2381,422,18.9533,4.4722,0.6469,0.5395
517,0,7,566,93,414,8,4.2381,422,18.9533,4.4722,0.6469,0.5395
518,0,7,566,93,414,8,4.2381,422,18.9533,4.4722,0.6469,0.5395
519,0,7,566,93,414,8,4.2381,422,18.9533,4.4722,0.6469,0.5395
520,0,1,133,56,444,10,4.7878,454,21.5138,4.4935,0.646,0.5379
521,0,1,133,56,444,10,4.7878,454,21.5138,4.4935,0.646,0.5379
522,0,1,133,56,444,10,4.7878,454,21.5138,4.4935,0.646,0.5379
523,0,1,133,56,444,10,4.7878,454,21.5138,4.4935,0.646,0.5379
524,0,1,133,56,444,10,4.7878,454,21.5138,4.4935,0.646,0.5379
525,0,1,141,56,464,8,4.1747,472,18.838,4.5124,0.6451,0.5365
526,0,1,141,56,464,8,4.1747,472,18.838,4.5124,0.6451,0.5365
527,0,1,141,56,464,8,4.1747,472,18.838,4.5124,0.6451,0.5365
528,0,1,141,56,464,8,4.1747,472,18.838,4.5124,0.6451,0.5365
529,0,1,141,56,464,8,4.1747,472,18.838,4.5124,0.6451,0.5365
530,0,3,182,59,474,12,6.1591,486,25.5695,4.1515,0.6614,0.5633
531,0,3,182,59,474,12,6.1591,486,25.5695,4.1515,0.6614,0.5633
532,0,3,182,59,474,12,6.1591,486,25.5695,4.1515,0.6614,0.5633
533,0,3,182,59,474,12,6.1591,486,25.5695,4.1515,0.6614,0.5633
534,0,3,182,59,474,12,6.1591,486,25.5695,4.1515,0.6614,0.5633
535,0,12,90,31,471,18,9.2497,489,35.8744,3.8785,0.6736000000000001,0.5833
536,0,12,90,31,471,18,9.2497,489,35.8744,3.8785,0.6736000000000001,0.5833
537,0,12,90,31,471,18,9.2497,489,35.8744,3.8785,0.6736000000000001,0.5833
538,0,12,90,31,471,18,9.2497,489,35.8744,3.8785,0.6736000000000001,0.5833
539,0,12,90,31,471,18,9.2497,489,35.8744,3.8785,0.6736000000000001,0.5833
540,0,3,84,59,505,15,7.5685,520,30.4746,4.0265,0.667,0.5725
541,0,3,84,59,505,15,7.5685,520,30.4746,4.0265,0.667,0.5725
542,0,3,84,59,505,15,7.5685,520,30.4746,4.0265,0.667,0.5725
543,0,3,84,59,505,15,7.5685,520,30.4746,4.0265,0.667,0.5725
544,0,3,84,59,505,15,7.5685,520,30.4746,4.0265,0.667,0.5725
545,0,12,115,31,485,16,8.2499,501,32.4947,3.9388,0.6709,0.5789000000000001
546,0,12,115,31,485,16,8.2499,501,32.4947,3.9388,0.6709,0.5789000000000001
547,0,12,115,31,485,16,8.2499,501,32.4947,3.9388,0.6709,0.5789000000000001
548,0,12,115,31,485,16,8.2499,501,32.4947,3.9388,0.6709,0.5789000000000001
549,0,12,115,31,485,16,8.2499,501,32.4947,3.9388,0.6709,0.5789000000000001
550,0,3,198,59,542,6,2.9049,548,14.967,5.1523,0.6153000000000001,0.48860000000000003
551,0,3,198,59,542,6,2.9049,548,14.967,5.1523,0.6153000000000001,0.48860000000000003
552,0,3,198,59,542,6,2.9049,548,14.967,5.1523,0.6153000000000001,0.48860000000000003
553,0,3,198,59,542,6,2.9049,548,14.967,5.1523,0.6153000000000001,0.48860000000000003
554,0,3,198,59,542,6,2.9049,548,14.967,5.1523,0.6153000000000001,0.48860000000000003
555,0,12,51,31,567,18,9.172,585,35.733,3.8959,0.6728000000000001,0.5821000000000001
556,0,12,51,31,567,18,9.172,585,35.733,3.8959,0.6728000000000001,0.5821000000000001
557,0,12,51,31,567,18,9.172,585,35.733,3.8959,0.6728000000000001,0.5821000000000001
558,0,12,51,31,567,18,9.172,585,35.733,3.8959,0.6728000000000001,0.5821000000000001
559,0,12,51,31,567,18,9.172,585,35.733,3.8959,0.6728000000000001,0.5821000000000001
560,0,3,152,59,571,7,3.4454000000000002,578,16.7306,4.8559,0.6292,0.5108
561,0,3,152,59,571,7,3.4454000000000002,578,16.7306,4.8559,0.6292,0.5108
562,0,3,152,59,571,7,3.4454000000000002,578,16.7306,4.8559,0.6292,0.5108
563,0,3,152,59,571,7,3.4454000000000002,578,16.7306,4.8559,0.6292,0.5108
564,0,3,152,59,571,7,3.4454000000000002,578,16.7306,4.8559,0.6292,0.5108
565,0,9,0,33,571,5,2.5581,576,13.5557,5.2992,0.6083000000000001,0.4776
566,0,9,0,33,571,5,2.5581,576,13.5557,5.2992,0.6083000000000001,0.4776
567,0,9,0,33,571,5,2.5581,576,13.5557,5.2992,0.6083000000000001,0.4776
568,0,9,0,33,571,5,2.5581,576,13.5557,5.2992,0.6083000000000001,0.4776
569,0,9,0,33,571,5,2.5581,576,13.5557,5.2992,0.6083000000000001,0.4776
570,0,2,202,96,606,10,4.9628,616,21.8323,4.3992,0.6503,0.5449
571,0,2,202,96,606,10,4.9628,616,21.8323,4.3992,0.6503,0.5449
572,0,2,202,96,606,10,4.9628,616,21.8323,4.3992,0.6503,0.5449
573,0,2,202,96,606,10,4.9628,616,21.8323,4.3992,0.6503,0.5449
574,0,2,202,96,606,10,4.9628,616,21.8323,4.3992,0.6503,0.5449
575,0,12,524,31,626,4,1.7625,630,11.3277,6.4272,0.5534,0.3946
576,0,12,524,31,626,4,1.7625,630,11.3277,6.4272,0.5534,0.3946
577,0,12,524,31,626,4,1.7625,630,11.3277,6.4272,0.5534,0.3946
578,0,12,524,31,626,4,1.7625,630,11.3277,6.4272,0.5534,0.3946
579,0,12,524,31,626,4,1.7625,630,11.3277,6.4272,0.5534,0.3946
580,0,4,919,74,811,14,6.9283,825,28.5296,4.1178,0.6629,0.5658000000000001
581,0,4,919,74,811,14,6.9283,825,28.5296,4.1178,0.6629,0.5658000000000001
582,0,4,919,74,811,14,6.9283,825,28.5296,4.1178,0.6629,0.5658000000000001
583,0,4,919,74,811,14,6.9283,825,28.5296,4.1178,0.6629,0.5658000000000001
584,0,4,919,74,811,14,6.9283,825,28.5296,4.1178,0.6629,0.5658000000000001
585,0,0,990,72,861,14,7.2094,875,29.0411,4.0282,0.6669,0.5724
586,0,0,990,72,861,14,7.2094,875,29.0411,4.0282,0.6669,0.5724
587,0,0,990,72,861,14,7.2094,875,29.0411,4.0282,0.6669,0.5724
588,0,0,990,72,861,14,7.2094,875,29.0411,4.0282,0.6669,0.5724
589,0,0,990,72,861,14,7.2094,875,29.0411,4.0282,0.6669,0.5724
590,0,10,789,8,859,11,5.3086,870,23.2417,4.3781,0.6512,0.5465
591,0,10,789,8,859,11,5.3086,870,23.2417,4.3781,0.6512,0.5465
592,0,10,789,8,859,11,5.3086,870,23.2417,4.3781,0.6512,0.5465
593,0,10,789,8,859,11,5.3086,870,23.2417,4.3781,0.6512,0.5465
594,0,10,789,8,859,11,5.3086,870,23.2417,4.3781,0.6512,0.5465
595,0,12,943,31,884,16,8.022,900,32.08,3.999,0.6682,0.5745
596,0,12,943,31,884,16,8.022,900,32.08,3.999,0.6682,0.5745
597,0,12,943,31,884,16,8.022,900,32.08,3.999,0.6682,0.5745
598,0,12,943,31,884,16,8.022,900,32.08,3.999,0.6682,0.5745
599,0,12,943,31,884,16,8.022,900,32.08,3.999,0.6682,0.5745
600,0,12,926,31,921,9,4.7465,930,20.6586,4.3524,0.6524,0.5484
601,0,12,926,31,921,9,4.7465,930,20.6586,4.3524,0.6524,0.5484
602,0,12,926,31,921,9,4.7465,930,20.6586,4.3524,0.6524,0.5484
603,0,12,926,31,921,9,4.7465,930,20.6586,4.3524,0.6524,0.5484
604,0,12,926,31,921,9,4.7465,930,20.6586,4.3524,0.6524,0.5484
605,0,12,306,31,1006,5,2.3409,1011,13.1605,5.6219,0.5928,0.4535
606,0,12,306,31,1006,5,2.3409,1011,13.1605,5.6219,0.5928,0.4535
607,0,12,306,31,1006,5,2.3409,1011,13.1605,5.6219,0.5928,0.4535
608,0,12,306,31,1006,5,2.3409,1011,13.1605,5.6219,0.5928,0.4535
609,0,12,306,31,1006,5,2.3409,1011,13.1605,5.6219,0.5928,0.4535
610,0,7,294,37,1058,13,6.5606,1071,27.0803,4.1277,0.6625,0.5651
611,0,7,294,37,1058,13,6.5606,1071,27.0803,4.1277,0.6625,0.5651
612,0,7,294,37,1058,13,6.5606,1071,27.0803,4.1277,0.6625,0.5651
613,0,7,294,37,1058,13,6.5606,1071,27.0803,4.1277,0.6625,0.5651
614,0,7,294,37,1058,13,6.5606,1071,27.0803,4.1277,0.6625,0.5651
615,0,7,336,37,1103,5,2.7042,1108,13.8216,5.1112,0.6172000000000001,0.4917
616,0,7,336,37,1103,5,2.7042,1108,13.8216,5.1112,0.6172000000000001,0.4917
617,0,7,336,37,1103,5,2.7042,1108,13.8216,5.1112,0.6172000000000001,0.4917
618,0,7,336,37,1103,5,2.7042,1108,13.8216,5.1112,0.6172000000000001,0.4917
619,0,7,336,37,1103,5,2.7042,1108,13.8216,5.1112,0.6172000000000001,0.4917
620,0,4,356,40,1166,18,8.8914,1184,35.2224,3.9614000000000003,0.6699,0.5773
621,0,4,356,40,1166,18,8.8914,1184,35.2224,3.9614000000000003,0.6699,0.5773
622,0,4,356,40,1166,18,8.8914,1184,35.2224,3.9614000000000003,0.6699,0.5773
623,0,4,356,40,1166,18,8.8914,1184,35.2224,3.9614000000000003,0.6699,0.5773
624,0,4,356,40,1166,18,8.8914,1184,35.2224,3.9614000000000003,0.6699,0.5773
625,0,4,493,40,1178,21,10.4746,1199,40.4438,3.8611,0.6743,0.5846
626,0,4,493,40,1178,21,10.4746,1199,40.4438,3.8611,0.6743,0.5846
627,0,4,493,40,1178,21,10.4746,1199,40.4438,3.8611,0.6743,0.5846
628,0,4,493,40,1178,21,10.4746,1199,40.4438,3.8611,0.6743,0.5846
629,0,4,493,40,1178,21,10.4746,1199,40.4438,3.8611,0.6743,0.5846
630,0,11,478,67,1236,12,5.8358,1248,24.9811,4.2807,0.6556000000000001,0.5537000000000001
631,0,11,478,67,1236,12,5.8358,1248,24.9811,4.2807,0.6556000000000001,0.5537000000000001
632,0,11,478,67,1236,12,5.8358,1248,24.9811,4.2807,0.6556000000000001,0.5537000000000001
633,0,11,478,67,1236,12,5.8358,1248,24.9811,4.2807,0.6556000000000001,0.5537000000000001
634,0,11,478,67,1236,12,5.8358,1248,24.9811,4.2807,0.6556000000000001,0.5537000000000001
635,0,13,844,64,1366,15,7.583,1381,30.5011,4.0223,0.6672,0.5728
636,0,13,844,64,1366,15,7.583,1381,30.5011,4.0223,0.6672,0.5728
637,0,13,844,64,1366,15,7.583,1381,30.5011,4.0223,0.6672,0.5728
638,0,13,844,64,1366,15,7.583,1381,30.5011,4.0223,0.6672,0.5728
639,0,13,844,64,1366,15,7.583,1381,30.5011,4.0223,0.6672,0.5728
640,0,10,584,25,1408,12,6.2199,1420,25.6803,4.1287,0.6625,0.5650000000000001
641,0,10,584,25,1408,12,6.2199,1420,25.6803,4.1287,0.6625,0.5650000000000001
642,0,10,584,25,1408,12,6.2199,1420,25.6803,4.1287,0.6625,0.5650000000000001
643,0,10,584,25,1408,12,6.2199,1420,25.6803,4.1287,0.6625,0.5650000000000001
644,0,10,584,25,1408,12,6.2199,1420,25.6803,4.1287,0.6625,0.5650000000000001
645,0,13,508,64,1388,7,3.4213,1395,16.6868,4.8773,0.6282,0.5092
646,0,13,508,64,1388,7,3.4213,1395,16.6868,4.8773,0.6282,0.5092
647,0,13,508,64,1388,7,3.4213,1395,16.6868,4.8773,0.6282,0.5092
648,0,13,508,64,1388,7,3.4213,1395,16.6868,4.8773,0.6282,0.5092
649,0,13,508,64,1388,7,3.4213,1395,16.6868,4.8773,0.6282,0.5092
650,0,13,802,64,1432,10,4.8870000000000005,1442,21.6943,4.4392,0.6484,0.542
651,0,13,802,64,1432,10,4.8870000000000005,1442,21.6943,4.4392,0.6484,0.542
652,0,13,802,64,1432,10,4.8870000000000005,1442,21.6943,4.4392,0.6484,0.542
653,0,13,802,64,1432,10,4.8870000000000005,1442,21.6943,4.4392,0.6484,0.542
654,0,13,802,64,1432,10,4.8870000000000005,1442,21.6943,4.4392,0.6484,0.542
655,0,14,918,57,153,16,8.2015,169,32.4068,3.9513000000000003,0.6703,0.578
656,0,14,918,57,153,16,8.2015,169,32.4068,3.9513000000000003,0.6703,0.578
657,0,14,918,57,153,16,8.2015,169,32.4068,3.9513000000000003,0.6703,0.578
658,0,14,918,57,153,16,8.2015,169,32.4068,3.9513000000000003,0.6703,0.578
659,0,14,918,57,153,16,8.2015,169,32.4068,3.9513000000000003,0.6703,0.578
660,0,14,918,57,153,16,8.2015,169,32.4068,3.9513000000000003,0.6703,0.578
661,0,12,921,29,235,13,6.3338,248,26.6675,4.2104,0.6588,0.5589000000000001
662,0,12,921,29,235,13,6.3338,248,26.6675,4.2104,0.6588,0.5589000000000001
663,0,12,921,29,235,13,6.3338,248,26.6675,4.2104,0.6588,0.5589000000000001
664,0,12,921,29,235,13,6.3338,248,26.6675,4.2104,0.6588,0.5589000000000001
665,0,12,921,29,235,13,6.3338,248,26.6675,4.2104,0.6588,0.5589000000000001
666,0,12,921,29,235,13,6.3338,248,26.6675,4.2104,0.6588,0.5589000000000001
667,0,14,905,57,222,13,6.4652,235,26.9067,4.1618,0.661,0.5625
668,0,14,905,57,222,13,6.4652,235,26.9067,4.1618,0.661,0.5625
669,0,14,905,57,222,13,6.4652,235,26.9067,4.1618,0.661,0.5625
670,0,14,905,57,222,13,6.4652,235,26.9067,4.1618,0.661,0.5625
671,0,14,905,57,222,13,6.4652,235,26.9067,4.1618,0.661,0.5625
672,0,14,905,57,222,13,6.4652,235,26.9067,4.1618,0.661,0.5625
673,0,8,895,41,285,15,7.4067,300,30.1803,4.0747,0.6649,0.5690000000000001
674,0,8,895,41,285,15,7.4067,300,30.1803,4.0747,0.6649,0.5690000000000001
675,0,8,895,41,285,15,7.4067,300,30.1803,4.0747,0.6649,0.5690000000000001
676,0,8,895,41,285,15,7.4067,300,30.1803,4.0747,0.6649,0.5690000000000001
677,0,8,895,41,285,15,7.4067,300,30.1803,4.0747,0.6649,0.5690000000000001
678,0,8,895,41,285,15,7.4067,300,30.1803,4.0747,0.6649,0.5690000000000001
679,0,12,822,29,272,11,5.5913,283,23.7562,4.2488,0.6571,0.5561
680,0,12,822,29,272,11,5.5913,283,23.7562,4.2488,0.6571,0.5561
681,0,12,822,29,272,11,5.5913,283,23.7562,4.2488,0.6571,0.5561
682,0,12,822,29,272,11,5.5913,283,23.7562,4.2488,0.6571,0.5561
683,0,12,822,29,272,11,5.5913,283,23.7562,4.2488,0.6571,0.5561
684,0,12,822,29,272,11,5.5913,283,23.7562,4.2488,0.6571,0.5561
685,0,8,912,41,310,8,4.1472,318,18.7879,4.5302,0.6443,0.5352
686,0,8,912,41,310,8,4.1472,318,18.7879,4.5302,0.6443,0.5352
687,0,8,912,41,310,8,4.1472,318,18.7879,4.5302,0.6443,0.5352
688,0,8,912,41,310,8,4.1472,318,18.7879,4.5302,0.6443,0.5352
689,0,8,912,41,310,8,4.1472,318,18.7879,4.5302,0.6443,0.5352
690,0,8,912,41,310,8,4.1472,318,18.7879,4.5302,0.6443,0.5352
691,0,12,803,29,357,7,3.6821,364,17.1614,4.6608,0.6383,0.5254
692,0,12,803,29,357,7,3.6821,364,17.1614,4.6608,0.6383,0.5254
693,0,12,803,29,357,7,3.6821,364,17.1614,4.6608,0.6383,0.5254
694,0,12,803,29,357,7,3.6821,364,17.1614,4.6608,0.6383,0.5254
695,0,12,803,29,357,7,3.6821,364,17.1614,4.6608,0.6383,0.5254
696,0,12,803,29,357,7,3.6821,364,17.1614,4.6608,0.6383,0.5254
697,0,0,12,18,367,19,9.6179,386,37.3246,3.8807,0.6735,0.5832
698,0,0,12,18,367,19,9.6179,386,37.3246,3.8807,0.6735,0.5832
699,0,0,12,18,367,19,9.6179,386,37.3246,3.8807,0.6735,0.5832
700,0,0,12,18,367,19,9.6179,386,37.3246,3.8807,0.6735,0.5832
701,0,0,12,18,367,19,9.6179,386,37.3246,3.8807,0.6735,0.5832
702,0,0,12,18,367,19,9.6179,386,37.3246,3.8807,0.6735,0.5832
703,0,12,791,29,362,16,7.7549,378,31.5939,4.0741,0.6649,0.5690000000000001
704,0,12,791,29,362,16,7.7549,378,31.5939,4.0741,0.6649,0.5690000000000001
705,0,12,791,29,362,16,7.7549,378,31.5939,4.0741,0.6649,0.5690000000000001
706,0,12,791,29,362,16,7.7549,378,31.5939,4.0741,0.6649,0.5690000000000001
707,0,12,791,29,362,16,7.7549,378,31.5939,4.0741,0.6649,0.5690000000000001
708,0,12,791,29,362,16,7.7549,378,31.5939,4.0741,0.6649,0.5690000000000001
709,0,0,231,18,396,18,9.2336,414,35.8451,3.882,0.6734,0.5831000000000001
710,0,0,231,18,396,18,9.2336,414,35.8451,3.882,0.6734,0.5831000000000001
711,0,0,231,18,396,18,9.2336,414,35.8451,3.882,0.6734,0.5831000000000001
712,0,0,231,18,396,18,9.2336,414,35.8451,3.882,0.6734,0.5831000000000001
713,0,0,231,18,396,18,9.2336,414,35.8451,3.882,0.6734,0.5831000000000001
714,0,0,231,18,396,18,9.2336,414,35.8451,3.882,0.6734,0.5831000000000001
715,0,4,973,45,390,15,7.7151,405,30.7415,3.9846,0.6689,0.5756
716,0,4,973,45,390,15,7.7151,405,30.7415,3.9846,0.6689,0.5756
717,0,4,973,45,390,15,7.7151,405,30.7415,3.9846,0.6689,0.5756
718,0,4,973,45,390,15,7.7151,405,30.7415,3.9846,0.6689,0.5756
719,0,4,973,45,390,15,7.7151,405,30.7415,3.9846,0.6689,0.5756
720,0,4,973,45,390,15,7.7151,405,30.7415,3.9846,0.6689,0.5756
721,0,12,124,29,404,22,10.8716,426,41.9464,3.8583,0.6744,0.5848
722,0,12,124,29,404,22,10.8716,426,41.9464,3.8583,0.6744,0.5848
723,0,12,124,29,404,22,10.8716,426,41.9464,3.8583,0.6744,0.5848
724,0,12,124,29,404,22,10.8716,426,41.9464,3.8583,0.6744,0.5848
725,0,12,124,29,404,22,10.8716,426,41.9464,3.8583,0.6744,0.5848
726,0,12,124,29,404,22,10.8716,426,41.9464,3.8583,0.6744,0.5848
727,0,0,9,18,420,16,8.1675,436,32.3449,3.9602,0.67,0.5774
728,0,0,9,18,420,16,8.1675,436,32.3449,3.9602,0.67,0.5774
729,0,0,9,18,420,16,8.1675,436,32.3449,3.9602,0.67,0.5774
730,0,0,9,18,420,16,8.1675,436,32.3449,3.9602,0.67,0.5774
731,0,0,9,18,420,16,8.1675,436,32.3449,3.9602,0.67,0.5774
732,0,0,9,18,420,16,8.1675,436,32.3449,3.9602,0.67,0.5774
733,0,1,192,59,431,16,8.2344,447,32.4666,3.9428,0.6707000000000001,0.5786
734,0,1,192,59,431,16,8.2344,447,32.4666,3.9428,0.6707000000000001,0.5786
735,0,1,192,59,431,16,8.2344,447,32.4666,3.9428,0.6707000000000001,0.5786
736,0,1,192,59,431,16,8.2344,447,32.4666,3.9428,0.6707000000000001,0.5786
737,0,1,192,59,431,16,8.2344,447,32.4666,3.9428,0.6707000000000001,0.5786
738,0,1,192,59,431,16,8.2344,447,32.4666,3.9428,0.6707000000000001,0.5786
739,0,2,241,35,427,13,6.402,440,26.7917,4.1849,0.6599,0.5608000000000001
740,0,2,241,35,427,13,6.402,440,26.7917,4.1849,0.6599,0.5608000000000001
741,0,2,241,35,427,13,6.402,440,26.7917,4.1849,0.6599,0.5608000000000001
742,0,2,241,35,427,13,6.402,440,26.7917,4.1849,0.6599,0.5608000000000001
743,0,2,241,35,427,13,6.402,440,26.7917,4.1849,0.6599,0.5608000000000001
744,0,2,241,35,427,13,6.402,440,26.7917,4.1849,0.6599,0.5608000000000001
745,0,3,9,23,428,20,10.1114,448,39.0027,3.8573,0.6745,0.5849
746,0,3,9,23,428,20,10.1114,448,39.0027,3.8573,0.6745,0.5849
747,0,3,9,23,428,20,10.1114,448,39.0027,3.8573,0.6745,0.5849
748,0,3,9,23,428,20,10.1114,448,39.0027,3.8573,0.6745,0.5849
749,0,3,9,23,428,20,10.1114,448,39.0027,3.8573,0.6745,0.5849
750,0,3,9,23,428,20,10.1114,448,39.0027,3.8573,0.6745,0.5849
751,0,7,921,21,441,9,4.3522,450,19.941,4.5818,0.6419,0.5313
752,0,7,921,21,441,9,4.3522,450,19.941,4.5818,0.6419,0.5313
753,0,7,921,21,441,9,4.3522,450,19.941,4.5818,0.6419,0.5313
754,0,7,921,21,441,9,4.3522,450,19.941,4.5818,0.6419,0.5313
755,0,7,921,21,441,9,4.3522,450,19.941,4.5818,0.6419,0.5313
756,0,7,921,21,441,9,4.3522,450,19.941,4.5818,0.6419,0.5313
757,0,8,109,41,438,5,2.3577,443,13.1911,5.5948,0.5941000000000001,0.4555
758,0,8,109,41,438,5,2.3577,443,13.1911,5.5948,0.5941000000000001,0.4555
759,0,8,109,41,438,5,2.3577,443,13.1911,5.5948,0.5941000000000001,0.4555
760,0,8,109,41,438,5,2.3577,443,13.1911,5.5948,0.5941000000000001,0.4555
761,0,8,109,41,438,5,2.3577,443,13.1911,5.5948,0.5941000000000001,0.4555
762,0,8,109,41,438,5,2.3577,443,13.1911,5.5948,0.5941000000000001,0.4555
763,0,12,191,29,448,2,1.2115,450,8.7649,7.235,0.5132,0.33840000000000003
764,0,12,191,29,448,2,1.2115,450,8.7649,7.235,0.5132,0.33840000000000003
765,0,12,191,29,448,2,1.2115,450,8.7649,7.235,0.5132,0.33840000000000003
766,0,12,191,29,448,2,1.2115,450,8.7649,7.235,0.5132,0.33840000000000003
767,0,12,191,29,448,2,1.2115,450,8.7649,7.235,0.5132,0.33840000000000003
768,0,12,191,29,448,2,1.2115,450,8.7649,7.235,0.5132,0.33840000000000003
769,0,13,90,34,447,8,3.8759,455,18.2942,4.7199,0.6355000000000001,0.521
770,0,13,90,34,447,8,3.8759,455,18.2942,4.7199,0.6355000000000001,0.521
771,0,13,90,34,447,8,3.8759,455,18.2942,4.7199,0.6355000000000001,0.521
772,0,13,90,34,447,8,3.8759,455,18.2942,4.7199,0.6355000000000001,0.521
773,0,13,90,34,447,8,3.8759,455,18.2942,4.7199,0.6355000000000001,0.521
774,0,13,90,34,447,8,3.8759,455,18.2942,4.7199,0.6355000000000001,0.521
775,0,2,246,35,474,17,8.7092,491,34.1107,3.9166,0.6719,0.5805
776,0,2,246,35,474,17,8.7092,491,34.1107,3.9166,0.6719,0.5805
777,0,2,246,35,474,17,8.7092,491,34.1107,3.9166,0.6719,0.5805
778,0,2,246,35,474,17,8.7092,491,34.1107,3.9166,0.6719,0.5805
779,0,2,246,35,474,17,8.7092,491,34.1107,3.9166,0.6719,0.5805
780,0,2,246,35,474,17,8.7092,491,34.1107,3.9166,0.6719,0.5805
781,0,4,103,45,455,7,3.7297000000000002,462,17.248,4.6245,0.6399,0.5281
782,0,4,103,45,455,7,3.7297000000000002,462,17.248,4.6245,0.6399,0.5281
783,0,4,103,45,455,7,3.7297000000000002,462,17.248,4.6245,0.6399,0.5281
784,0,4,103,45,455,7,3.7297000000000002,462,17.248,4.6245,0.6399,0.5281
785,0,4,103,45,455,7,3.7297000000000002,462,17.248,4.6245,0.6399,0.5281
786,0,4,103,45,455,7,3.7297000000000002,462,17.248,4.6245,0.6399,0.5281
787,0,7,183,21,463,11,5.268,474,23.1678,4.3978,0.6503,0.545
788,0,7,183,21,463,11,5.268,474,23.1678,4.3978,0.6503,0.545
789,0,7,183,21,463,11,5.268,474,23.1678,4.3978,0.6503,0.545
790,0,7,183,21,463,11,5.268,474,23.1678,4.3978,0.6503,0.545
791,0,7,183,21,463,11,5.268,474,23.1678,4.3978,0.6503,0.545
792,0,7,183,21,463,11,5.268,474,23.1678,4.3978,0.6503,0.545
793,0,8,57,41,479,11,5.6799,490,23.9175,4.2109,0.6588,0.5589000000000001
794,0,8,57,41,479,11,5.6799,490,23.9175,4.2109,0.6588,0.5589000000000001
795,0,8,57,41,479,11,5.6799,490,23.9175,4.2109,0.6588,0.5589000000000001
796,0,8,57,41,479,11,5.6799,490,23.9175,4.2109,0.6588,0.5589000000000001
797,0,8,57,41,479,11,5.6799,490,23.9175,4.2109,0.6588,0.5589000000000001
798,0,8,57,41,479,11,5.6799,490,23.9175,4.2109,0.6588,0.5589000000000001
799,0,11,71,87,457,11,5.3447000000000005,468,23.3074,4.3608,0.652,0.5478000000000001
800,0,11,71,87,457,11,5.3447000000000005,468,23.3074,4.3608,0.652,0.5478000000000001
801,0,11,71,87,457,11,5.3447000000000005,468,23.3074,4.3608,0.652,0.5478000000000001
802,0,11,71,87,457,11,5.3447000000000005,468,23.3074,4.3608,0.652,0.5478000000000001
803,0,11,71,87,457,11,5.3447000000000005,468,23.3074,4.3608,0.652,0.5478000000000001
804,0,11,71,87,457,11,5.3447000000000005,468,23.3074,4.3608,0.652,0.5478000000000001
805,0,12,25,29,469,22,10.986,491,42.1545,3.8371,0.6754,0.5863
806,0,12,25,29,469,22,10.986,491,42.1545,3.8371,0.6754,0.5863
807,0,12,25,29,469,22,10.986,491,42.1545,3.8371,0.6754,0.5863
808,0,12,25,29,469,22,10.986,491,42.1545,3.8371,0.6754,0.5863
809,0,12,25,29,469,22,10.986,491,42.1545,3.8371,0.6754,0.5863
810,0,12,25,29,469,22,10.986,491,42.1545,3.8371,0.6754,0.5863
811,0,14,7,57,452,12,5.8698,464,25.043,4.2664,0.6563,0.5548000000000001
812,0,14,7,57,452,12,5.8698,464,25.043,4.2664,0.6563,0.5548000000000001
813,0,14,7,57,452,12,5.8698,464,25.043,4.2664,0.6563,0.5548000000000001
814,0,14,7,57,452,12,5.8698,464,25.043,4.2664,0.6563,0.5548000000000001
815,0,14,7,57,452,12,5.8698,464,25.043,4.2664,0.6563,0.5548000000000001
816,0,14,7,57,452,12,5.8698,464,25.043,4.2664,0.6563,0.5548000000000001
817,0,2,651,35,490,14,6.9926,504,28.6466,4.0967,0.6639,0.5673
818,0,2,651,35,490,14,6.9926,504,28.6466,4.0967,0.6639,0.5673
819,0,2,651,35,490,14,6.9926,504,28.6466,4.0967,0.6639,0.5673
820,0,2,651,35,490,14,6.9926,504,28.6466,4.0967,0.6639,0.5673
821,0,2,651,35,490,14,6.9926,504,28.6466,4.0967,0.6639,0.5673
822,0,2,651,35,490,14,6.9926,504,28.6466,4.0967,0.6639,0.5673
823,0,3,138,23,488,18,8.84,506,35.1287,3.9739,0.6693,0.5764
824,0,3,138,23,488,18,8.84,506,35.1287,3.9739,0.6693,0.5764
825,0,3,138,23,488,18,8.84,506,35.1287,3.9739,0.6693,0.5764
826,0,3,138,23,488,18,8.84,506,35.1287,3.9739,0.6693,0.5764
827,0,3,138,23,488,18,8.84,506,35.1287,3.9739,0.6693,0.5764
828,0,3,138,23,488,18,8.84,506,35.1287,3.9739,0.6693,0.5764
829,0,7,13,21,498,16,8.208,514,32.4185,3.9496,0.6704,0.5781000000000001
830,0,7,13,21,498,16,8.208,514,32.4185,3.9496,0.6704,0.5781000000000001
831,0,7,13,21,498,16,8.208,514,32.4185,3.9496,0.6704,0.5781000000000001
832,0,7,13,21,498,16,8.208,514,32.4185,3.9496,0.6704,0.5781000000000001
833,0,7,13,21,498,16,8.208,514,32.4185,3.9496,0.6704,0.5781000000000001
834,0,7,13,21,498,16,8.208,514,32.4185,3.9496,0.6704,0.5781000000000001
835,0,8,193,41,498,11,5.7178,509,23.9865,4.195,0.6595000000000001,0.5601
836,0,8,193,41,498,11,5.7178,509,23.9865,4.195,0.6595000000000001,0.5601
837,0,8,193,41,498,11,5.7178,509,23.9865,4.195,0.6595000000000001,0.5601
838,0,8,193,41,498,11,5.7178,509,23.9865,4.195,0.6595000000000001,0.5601
839,0,8,193,41,498,11,5.7178,509,23.9865,4.195,0.6595000000000001,0.5601
840,0,8,193,41,498,11,5.7178,509,23.9865,4.195,0.6595000000000001,0.5601
841,0,11,151,87,497,12,5.9839,509,25.2507,4.2198,0.6584,0.5583
842,0,11,151,87,497,12,5.9839,509,25.2507,4.2198,0.6584,0.5583
843,0,11,151,87,497,12,5.9839,509,25.2507,4.2198,0.6584,0.5583
844,0,11,151,87,497,12,5.9839,509,25.2507,4.2198,0.6584,0.5583
845,0,11,151,87,497,12,5.9839,509,25.2507,4.2198,0.6584,0.5583
846,0,11,151,87,497,12,5.9839,509,25.2507,4.2198,0.6584,0.5583
847,0,2,15,35,515,14,7.1696,529,28.9686,4.0405,0.6664,0.5715
848,0,2,15,35,515,14,7.1696,529,28.9686,4.0405,0.6664,0.5715
849,0,2,15,35,515,14,7.1696,529,28.9686,4.0405,0.6664,0.5715
850,0,2,15,35,515,14,7.1696,529,28.9686,4.0405,0.6664,0.5715
851,0,2,15,35,515,14,7.1696,529,28.9686,4.0405,0.6664,0.5715
852,0,2,15,35,515,14,7.1696,529,28.9686,4.0405,0.6664,0.5715
853,0,3,44,23,522,13,6.2666,535,26.5452,4.236,0.6576000000000001,0.5571
854,0,3,44,23,522,13,6.2666,535,26.5452,4.236,0.6576000000000001,0.5571
855,0,3,44,23,522,13,6.2666,535,26.5452,4.236,0.6576000000000001,0.5571
856,0,3,44,23,522,13,6.2666,535,26.5452,4.236,0.6576000000000001,0.5571
857,0,3,44,23,522,13,6.2666,535,26.5452,4.236,0.6576000000000001,0.5571
858,0,3,44,23,522,13,6.2666,535,26.5452,4.236,0.6576000000000001,0.5571
859,0,8,75,41,517,9,4.2891,526,19.8262,4.6224,0.64,0.5283
860,0,8,75,41,517,9,4.2891,526,19.8262,4.6224,0.64,0.5283
861,0,8,75,41,517,9,4.2891,526,19.8262,4.6224,0.64,0.5283
862,0,8,75,41,517,9,4.2891,526,19.8262,4.6224,0.64,0.5283
863,0,8,75,41,517,9,4.2891,526,19.8262,4.6224,0.64,0.5283
864,0,8,75,41,517,9,4.2891,526,19.8262,4.6224,0.64,0.5283
865,0,11,40,87,520,3,1.3506,523,9.798,7.2548,0.5123,0.3371
866,0,11,40,87,520,3,1.3506,523,9.798,7.2548,0.5123,0.3371
867,0,11,40,87,520,3,1.3506,523,9.798,7.2548,0.5123,0.3371
868,0,11,40,87,520,3,1.3506,523,9.798,7.2548,0.5123,0.3371
869,0,11,40,87,520,3,1.3506,523,9.798,7.2548,0.5123,0.3371
870,0,11,40,87,520,3,1.3506,523,9.798,7.2548,0.5123,0.3371
871,0,14,8,57,538,12,5.7764,550,24.8731,4.306,0.6545000000000001,0.5519000000000001
872,0,14,8,57,538,12,5.7764,550,24.8731,4.306,0.6545000000000001,0.5519000000000001
873,0,14,8,57,538,12,5.7764,550,24.8731,4.306,0.6545000000000001,0.5519000000000001
874,0,14,8,57,538,12,5.7764,550,24.8731,4.306,0.6545000000000001,0.5519000000000001
875,0,14,8,57,538,12,5.7764,550,24.8731,4.306,0.6545000000000001,0.5519000000000001
876,0,14,8,57,538,12,5.7764,550,24.8731,4.306,0.6545000000000001,0.5519000000000001
877,0,11,52,87,556,13,6.3738,569,26.7403,4.1954,0.6595000000000001,0.5601
878,0,11,52,87,556,13,6.3738,569,26.7403,4.1954,0.6595000000000001,0.5601
879,0,11,52,87,556,13,6.3738,569,26.7403,4.1954,0.6595000000000001,0.5601
880,0,11,52,87,556,13,6.3738,569,26.7403,4.1954,0.6595000000000001,0.5601
881,0,11,52,87,556,13,6.3738,569,26.7403,4.1954,0.6595000000000001,0.5601
882,0,11,52,87,556,13,6.3738,569,26.7403,4.1954,0.6595000000000001,0.5601
883,0,14,66,57,547,15,7.3704,562,30.1142,4.0858,0.6644,0.5681
884,0,14,66,57,547,15,7.3704,562,30.1142,4.0858,0.6644,0.5681
885,0,14,66,57,547,15,7.3704,562,30.1142,4.0858,0.6644,0.5681
886,0,14,66,57,547,15,7.3704,562,30.1142,4.0858,0.6644,0.5681
887,0,14,66,57,547,15,7.3704,562,30.1142,4.0858,0.6644,0.5681
888,0,14,66,57,547,15,7.3704,562,30.1142,4.0858,0.6644,0.5681
889,0,7,756,21,607,7,3.5693,614,16.9561,4.7506,0.6341,0.5187
890,0,7,756,21,607,7,3.5693,614,16.9561,4.7506,0.6341,0.5187
891,0,7,756,21,607,7,3.5693,614,16.9561,4.7506,0.6341,0.5187
892,0,7,756,21,607,7,3.5693,614,16.9561,4.7506,0.6341,0.5187
893,0,7,756,21,607,7,3.5693,614,16.9561,4.7506,0.6341,0.5187
894,0,7,756,21,607,7,3.5693,614,16.9561,4.7506,0.6341,0.5187
895,0,11,870,87,815,12,6.1351,827,25.5258,4.1606,0.661,0.5626
896,0,11,870,87,815,12,6.1351,827,25.5258,4.1606,0.661,0.5626
897,0,11,870,87,815,12,6.1351,827,25.5258,4.1606,0.661,0.5626
898,0,11,870,87,815,12,6.1351,827,25.5258,4.1606,0.661,0.5626
899,0,11,870,87,815,12,6.1351,827,25.5258,4.1606,0.661,0.5626
900,0,11,870,87,815,12,6.1351,827,25.5258,4.1606,0.661,0.5626
901,0,14,438,46,1006,16,7.8534,1022,31.7732,4.0458,0.6662,0.5711
902,0,14,438,46,1006,16,7.8534,1022,31.7732,4.0458,0.6662,0.5711
903,0,14,438,46,1006,16,7.8534,1022,31.7732,4.0458,0.6662,0.5711
904,0,14,438,46,1006,16,7.8534,1022,31.7732,4.0458,0.6662,0.5711
905,0,14,438,46,1006,16,7.8534,1022,31.7732,4.0458,0.6662,0.5711
906,0,14,438,46,1006,16,7.8534,1022,31.7732,4.0458,0.6662,0.5711
907,0,6,282,54,1039,5,2.632,1044,13.6902,5.2015,0.6129,0.4849
908,0,6,282,54,1039,5,2.632,1044,13.6902,5.2015,0.6129,0.4849
909,0,6,282,54,1039,5,2.632,1044,13.6902,5.2015,0.6129,0.4849
910,0,6,282,54,1039,5,2.632,1044,13.6902,5.2015,0.6129,0.4849
911,0,6,282,54,1039,5,2.632,1044,13.6902,5.2015,0.6129,0.4849
912,0,6,282,54,1039,5,2.632,1044,13.6902,5.2015,0.6129,0.4849
913,0,6,280,54,1107,5,2.7322,1112,13.8726,5.0775,0.6188,0.49420000000000003
914,0,6,280,54,1107,5,2.7322,1112,13.8726,5.0775,0.6188,0.49420000000000003
915,0,6,280,54,1107,5,2.7322,1112,13.8726,5.0775,0.6188,0.49420000000000003
916,0,6,280,54,1107,5,2.7322,1112,13.8726,5.0775,0.6188,0.49420000000000003
917,0,6,280,54,1107,5,2.7322,1112,13.8726,5.0775,0.6188,0.49420000000000003
918,0,6,280,54,1107,5,2.7322,1112,13.8726,5.0775,0.6188,0.49420000000000003
919,0,6,385,54,1137,8,4.0488,1145,18.6089,4.5961,0.6412,0.5303
920,0,6,385,54,1137,8,4.0488,1145,18.6089,4.5961,0.6412,0.5303
921,0,6,385,54,1137,8,4.0488,1145,18.6089,4.5961,0.6412,0.5303
922,0,6,385,54,1137,8,4.0488,1145,18.6089,4.5961,0.6412,0.5303
923,0,6,385,54,1137,8,4.0488,1145,18.6089,4.5961,0.6412,0.5303
924,0,6,385,54,1137,8,4.0488,1145,18.6089,4.5961,0.6412,0.5303
925,0,15,343,55,1116,5,2.4905,1121,13.4328,5.3935,0.6038,0.47050000000000003
926,0,15,343,55,1116,5,2.4905,1121,13.4328,5.3935,0.6038,0.47050000000000003
927,0,15,343,55,1116,5,2.4905,1121,13.4328,5.3935,0.6038,0.47050000000000003
928,0,15,343,55,1116,5,2.4905,1121,13.4328,5.3935,0.6038,0.47050000000000003
929,0,15,343,55,1116,5,2.4905,1121,13.4328,5.3935,0.6038,0.47050000000000003
930,0,15,343,55,1116,5,2.4905,1121,13.4328,5.3935,0.6038,0.47050000000000003
931,0,4,331,11,1142,11,5.4876,1153,23.5675,4.2947,0.655,0.5527000000000001
932,0,4,331,11,1142,11,5.4876,1153,23.5675,4.2947,0.655,0.5527000000000001
933,0,4,331,11,1142,11,5.4876,1153,23.5675,4.2947,0.655,0.5527000000000001
934,0,4,331,11,1142,11,5.4876,1153,23.5675,4.2947,0.655,0.5527000000000001
935,0,4,331,11,1142,11,5.4876,1153,23.5675,4.2947,0.655,0.5527000000000001
936,0,4,331,11,1142,11,5.4876,1153,23.5675,4.2947,0.655,0.5527000000000001
937,0,15,415,55,1161,8,3.9415,1169,18.4134,4.6717,0.6378,0.5246000000000001
938,0,15,415,55,1161,8,3.9415,1169,18.4134,4.6717,0.6378,0.5246000000000001
939,0,15,415,55,1161,8,3.9415,1169,18.4134,4.6717,0.6378,0.5246000000000001
940,0,15,415,55,1161,8,3.9415,1169,18.4134,4.6717,0.6378,0.5246000000000001
941,0,15,415,55,1161,8,3.9415,1169,18.4134,4.6717,0.6378,0.5246000000000001
942,0,15,415,55,1161,8,3.9415,1169,18.4134,4.6717,0.6378,0.5246000000000001
943,0,4,856,11,1179,17,8.3678,1196,33.4895,4.0022,0.6681,0.5743
944,0,4,856,11,1179,17,8.3678,1196,33.4895,4.0022,0.6681,0.5743
945,0,4,856,11,1179,17,8.3678,1196,33.4895,4.0022,0.6681,0.5743
946,0,4,856,11,1179,17,8.3678,1196,33.4895,4.0022,0.6681,0.5743
947,0,4,856,11,1179,17,8.3678,1196,33.4895,4.0022,0.6681,0.5743
948,0,4,856,11,1179,17,8.3678,1196,33.4895,4.0022,0.6681,0.5743
949,0,15,722,55,1258,12,6.0141,1270,25.3056,4.2077,0.6589,0.5591
950,0,15,722,55,1258,12,6.0141,1270,25.3056,4.2077,0.6589,0.5591
951,0,15,722,55,1258,12,6.0141,1270,25.3056,4.2077,0.6589,0.5591
952,0,15,722,55,1258,12,6.0141,1270,25.3056,4.2077,0.6589,0.5591
953,0,15,722,55,1258,12,6.0141,1270,25.3056,4.2077,0.6589,0.5591
954,0,15,722,55,1258,12,6.0141,1270,25.3056,4.2077,0.6589,0.5591
955,0,5,609,9,1287,5,2.3668,1292,13.2075,5.5804,0.5948,0.4566
956,0,5,609,9,1287,5,2.3668,1292,13.2075,5.5804,0.5948,0.4566
957,0,5,609,9,1287,5,2.3668,1292,13.2075,5.5804,0.5948,0.4566
958,0,5,609,9,1287,5,2.3668,1292,13.2075,5.5804,0.5948,0.4566
959,0,5,609,9,1287,5,2.3668,1292,13.2075,5.5804,0.5948,0.4566
960,0,5,609,9,1287,5,2.3668,1292,13.2075,5.5804,0.5948,0.4566
961,0,15,686,55,1306,20,9.8154,1326,38.4641,3.9187,0.6718000000000001,0.5804
962,0,15,686,55,1306,20,9.8154,1326,38.4641,3.9187,0.6718000000000001,0.5804
963,0,15,686,55,1306,20,9.8154,1326,38.4641,3.9187,0.6718000000000001,0.5804
964,0,15,686,55,1306,20,9.8154,1326,38.4641,3.9187,0.6718000000000001,0.5804
965,0,15,686,55,1306,20,9.8154,1326,38.4641,3.9187,0.6718000000000001,0.5804
966,0,15,686,55,1306,20,9.8154,1326,38.4641,3.9187,0.6718000000000001,0.5804
967,0,10,871,40,164,3,1.4444000000000001,167,9.9689,6.9015,0.5299,0.36110000000000003
968,0,10,871,40,164,3,1.4444000000000001,167,9.9689,6.9015,0.5299,0.36110000000000003
969,0,10,871,40,164,3,1.4444000000000001,167,9.9689,6.9015,0.5299,0.36110000000000003
970,0,10,871,40,164,3,1.4444000000000001,167,9.9689,6.9015,0.5299,0.36110000000000003
971,0,10,871,40,164,3,1.4444000000000001,167,9.9689,6.9015,0.5299,0.36110000000000003
972,0,10,871,40,164,3,1.4444000000000001,167,9.9689,6.9015,0.5299,0.36110000000000003
973,0,10,871,40,164,3,1.4444000000000001,167,9.9689,6.9015,0.5299,0.36110000000000003
974,0,4,950,16,234,17,8.5902,251,33.8941,3.9457,0.6706000000000001,0.5784
975,0,4,950,16,234,17,8.5902,251,33.8941,3.9457,0.6706000000000001,0.5784
976,0,4,950,16,234,17,8.5902,251,33.8941,3.9457,0.6706000000000001,0.5784
977,0,4,950,16,234,17,8.5902,251,33.8941,3.9457,0.6706000000000001,0.5784
978,0,4,950,16,234,17,8.5902,251,33.8941,3.9457,0.6706000000000001,0.5784
979,0,4,950,16,234,17,8.5902,251,33.8941,3.9457,0.6706000000000001,0.5784
980,0,4,950,16,234,17,8.5902,251,33.8941,3.9457,0.6706000000000001,0.5784
981,0,4,839,16,333,19,9.5964,352,37.2854,3.8854,0.6733,0.5828
982,0,4,839,16,333,19,9.5964,352,37.2854,3.8854,0.6733,0.5828
983,0,4,839,16,333,19,9.5964,352,37.2854,3.8854,0.6733,0.5828
984,0,4,839,16,333,19,9.5964,352,37.2854,3.8854,0.6733,0.5828
985,0,4,839,16,333,19,9.5964,352,37.2854,3.8854,0.6733,0.5828
986,0,4,839,16,333,19,9.5964,352,37.2854,3.8854,0.6733,0.5828
987,0,4,839,16,333,19,9.5964,352,37.2854,3.8854,0.6733,0.5828
988,0,4,224,16,367,18,8.8549,385,35.1558,3.9702,0.6695,0.5766
989,0,4,224,16,367,18,8.8549,385,35.1558,3.9702,0.6695,0.5766
990,0,4,224,16,367,18,8.8549,385,35.1558,3.9702,0.6695,0.5766
991,0,4,224,16,367,18,8.8549,385,35.1558,3.9702,0.6695,0.5766
992,0,4,224,16,367,18,8.8549,385,35.1558,3.9702,0.6695,0.5766
993,0,4,224,16,367,18,8.8549,385,35.1558,3.9702,0.6695,0.5766
994,0,4,224,16,367,18,8.8549,385,35.1558,3.9702,0.6695,0.5766
995,0,14,990,45,384,20,9.8439,404,38.5159,3.9127,0.672,0.5808
996,0,14,990,45,384,20,9.8439,404,38.5159,3.9127,0.672,0.5808
997,0,14,990,45,384,20,9.8439,404,38.5159,3.9127,0.672,0.5808
998,0,14,990,45,384,20,9.8439,404,38.5159,3.9127,0.672,0.5808
999,0,14,990,45,384,20,9.8439,404,38.5159,3.9127,0.672,0.5808
1000,0,14,990,45,384,20,9.8439,404,38.5159,3.9127,0.672,0.5808
1001,0,14,990,45,384,20,9.8439,404,38.5159,3.9127,0.672,0.5808
1002,0,1,77,51,398,7,3.28,405,16.4295,5.0091,0.622,0.4993
1003,0,1,77,51,398,7,3.28,405,16.4295,5.0091,0.622,0.4993
1004,0,1,77,51,398,7,3.28,405,16.4295,5.0091,0.622,0.4993
1005,0,1,77,51,398,7,3.28,405,16.4295,5.0091,0.622,0.4993
1006,0,1,77,51,398,7,3.28,405,16.4295,5.0091,0.622,0.4993
1007,0,1,77,51,398,7,3.28,405,16.4295,5.0091,0.622,0.4993
1008,0,1,77,51,398,7,3.28,405,16.4295,5.0091,0.622,0.4993
1009,0,4,224,16,411,19,9.2904,430,36.7284,3.9534000000000002,0.6703,0.5779000000000001
1010,0,4,224,16,411,19,9.2904,430,36.7284,3.9534000000000002,0.6703,0.5779000000000001
1011,0,4,224,16,411,19,9.2904,430,36.7284,3.9534000000000002,0.6703,0.5779000000000001
1012,0,4,224,16,411,19,9.2904,430,36.7284,3.9534000000000002,0.6703,0.5779000000000001
1013,0,4,224,16,411,19,9.2904,430,36.7284,3.9534000000000002,0.6703,0.5779000000000001
1014,0,4,224,16,411,19,9.2904,430,36.7284,3.9534000000000002,0.6703,0.5779000000000001
1015,0,4,224,16,411,19,9.2904,430,36.7284,3.9534000000000002,0.6703,0.5779000000000001
1016,0,5,43,89,409,13,6.6781,422,27.2942,4.0871,0.6643,0.5680000000000001
1017,0,5,43,89,409,13,6.6781,422,27.2942,4.0871,0.6643,0.5680000000000001
1018,0,5,43,89,409,13,6.6781,422,27.2942,4.0871,0.6643,0.5680000000000001
1019,0,5,43,89,409,13,6.6781,422,27.2942,4.0871,0.6643,0.5680000000000001
1020,0,5,43,89,409,13,6.6781,422,27.2942,4.0871,0.6643,0.5680000000000001
1021,0,5,43,89,409,13,6.6781,422,27.2942,4.0871,0.6643,0.5680000000000001
1022,0,5,43,89,409,13,6.6781,422,27.2942,4.0871,0.6643,0.5680000000000001
1023,0,8,957,36,406,12,6.0825,418,25.4302,4.1809,0.6601,0.5611
1024,0,8,957,36,406,12,6.0825,418,25.4302,4.1809,0.6601,0.5611
1025,0,8,957,36,406,12,6.0825,418,25.4302,4.1809,0.6601,0.5611
1026,0,8,957,36,406,12,6.0825,418,25.4302,4.1809,0.6601,0.5611
1027,0,8,957,36,406,12,6.0825,418,25.4302,4.1809,0.6601,0.5611
1028,0,8,957,36,406,12,6.0825,418,25.4302,4.1809,0.6601,0.5611
1029,0,8,957,36,406,12,6.0825,418,25.4302,4.1809,0.6601,0.5611
1030,0,10,3,40,394,7,3.5015,401,16.8328,4.8073,0.6315000000000001,0.5145000000000001
1031,0,10,3,40,394,7,3.5015,401,16.8328,4.8073,0.6315000000000001,0.5145000000000001
1032,0,10,3,40,394,7,3.5015,401,16.8328,4.8073,0.6315000000000001,0.5145000000000001
1033,0,10,3,40,394,7,3.5015,401,16.8328,4.8073,0.6315000000000001,0.5145000000000001
1034,0,10,3,40,394,7,3.5015,401,16.8328,4.8073,0.6315000000000001,0.5145000000000001
1035,0,10,3,40,394,7,3.5015,401,16.8328,4.8073,0.6315000000000001,0.5145000000000001
1036,0,10,3,40,394,7,3.5015,401,16.8328,4.8073,0.6315000000000001,0.5145000000000001
1037,0,1,955,51,430,12,5.8133,442,24.9403,4.2902000000000005,0.6552,0.553
1038,0,1,955,51,430,12,5.8133,442,24.9403,4.2902000000000005,0.6552,0.553
1039,0,1,955,51,430,12,5.8133,442,24.9403,4.2902000000000005,0.6552,0.553
1040,0,1,955,51,430,12,5.8133,442,24.9403,4.2902000000000005,0.6552,0.553
1041,0,1,955,51,430,12,5.8133,442,24.9403,4.2902000000000005,0.6552,0.553
1042,0,1,955,51,430,12,5.8133,442,24.9403,4.2902000000000005,0.6552,0.553
1043,0,1,955,51,430,12,5.8133,442,24.9403,4.2902000000000005,0.6552,0.553
1044,0,4,38,16,439,14,7.1377,453,28.9106,4.0504,0.6659,0.5707
1045,0,4,38,16,439,14,7.1377,453,28.9106,4.0504,0.6659,0.5707
1046,0,4,38,16,439,14,7.1377,453,28.9106,4.0504,0.6659,0.5707
1047,0,4,38,16,439,14,7.1377,453,28.9106,4.0504,0.6659,0.5707
1048,0,4,38,16,439,14,7.1377,453,28.9106,4.0504,0.6659,0.5707
1049,0,4,38,16,439,14,7.1377,453,28.9106,4.0504,0.6659,0.5707
1050,0,4,38,16,439,14,7.1377,453,28.9106,4.0504,0.6659,0.5707
1051,0,7,0,7,448,10,4.8747,458,21.672,4.4458,0.6481,0.5415
1052,0,7,0,7,448,10,4.8747,458,21.672,4.4458,0.6481,0.5415
1053,0,7,0,7,448,10,4.8747,458,21.672,4.4458,0.6481,0.5415
1054,0,7,0,7,448,10,4.8747,458,21.672,4.4458,0.6481,0.5415
1055,0,7,0,7,448,10,4.8747,458,21.672,4.4458,0.6481,0.5415
1056,0,7,0,7,448,10,4.8747,458,21.672,4.4458,0.6481,0.5415
1057,0,7,0,7,448,10,4.8747,458,21.672,4.4458,0.6481,0.5415
1058,0,11,23,37,422,6,3.1381,428,15.3914,4.9046,0.6269,0.5072
1059,0,11,23,37,422,6,3.1381,428,15.3914,4.9046,0.6269,0.5072
1060,0,11,23,37,422,6,3.1381,428,15.3914,4.9046,0.6269,0.5072
1061,0,11,23,37,422,6,3.1381,428,15.3914,4.9046,0.6269,0.5072
1062,0,11,23,37,422,6,3.1381,428,15.3914,4.9046,0.6269,0.5072
1063,0,11,23,37,422,6,3.1381,428,15.3914,4.9046,0.6269,0.5072
1064,0,11,23,37,422,6,3.1381,428,15.3914,4.9046,0.6269,0.5072
1065,0,1,93,51,455,6,2.9001,461,14.9581,5.1579,0.615,0.4882
1066,0,1,93,51,455,6,2.9001,461,14.9581,5.1579,0.615,0.4882
1067,0,1,93,51,455,6,2.9001,461,14.9581,5.1579,0.615,0.4882
1068,0,1,93,51,455,6,2.9001,461,14.9581,5.1579,0.615,0.4882
1069,0,1,93,51,455,6,2.9001,461,14.9581,5.1579,0.615,0.4882
1070,0,1,93,51,455,6,2.9001,461,14.9581,5.1579,0.615,0.4882
1071,0,1,93,51,455,6,2.9001,461,14.9581,5.1579,0.615,0.4882
1072,0,3,898,3,454,14,6.7636,468,28.2297,4.1738,0.6604,0.5617
1073,0,3,898,3,454,14,6.7636,468,28.2297,4.1738,0.6604,0.5617
1074,0,3,898,3,454,14,6.7636,468,28.2297,4.1738,0.6604,0.5617
1075,0,3,898,3,454,14,6.7636,468,28.2297,4.1738,0.6604,0.5617
1076,0,3,898,3,454,14,6.7636,468,28.2297,4.1738,0.6604,0.5617
1077,0,3,898,3,454,14,6.7636,468,28.2297,4.1738,0.6604,0.5617
1078,0,3,898,3,454,14,6.7636,468,28.2297,4.1738,0.6604,0.5617
1079,0,7,239,7,471,12,5.937,483,25.1653,4.2387,0.6575000000000001,0.5568000000000001
1080,0,7,239,7,471,12,5.937,483,25.1653,4.2387,0.6575000000000001,0.5568000000000001
1081,0,7,239,7,471,12,5.937,483,25.1653,4.2387,0.6575000000000001,0.5568000000000001
1082,0,7,239,7,471,12,5.937,483,25.1653,4.2387,0.6575000000000001,0.5568000000000001
1083,0,7,239,7,471,12,5.937,483,25.1653,4.2387,0.6575000000000001,0.5568000000000001
1084,0,7,239,7,471,12,5.937,483,25.1653,4.2387,0.6575000000000001,0.5568000000000001
1085,0,7,239,7,471,12,5.937,483,25.1653,4.2387,0.6575000000000001,0.5568000000000001
1086,0,8,122,36,479,12,6.1765,491,25.6012,4.1449,0.6617000000000001,0.5638000000000001
1087,0,8,122,36,479,12,6.1765,491,25.6012,4.1449,0.6617000000000001,0.5638000000000001
1088,0,8,122,36,479,12,6.1765,491,25.6012,4.1449,0.6617000000000001,0.5638000000000001
1089,0,8,122,36,479,12,6.1765,491,25.6012,4.1449,0.6617000000000001,0.5638000000000001
1090,0,8,122,36,479,12,6.1765,491,25.6012,4.1449,0.6617000000000001,0.5638000000000001
1091,0,8,122,36,479,12,6.1765,491,25.6012,4.1449,0.6617000000000001,0.5638000000000001
1092,0,8,122,36,479,12,6.1765,491,25.6012,4.1449,0.6617000000000001,0.5638000000000001
1093,0,11,189,37,469,1,0.5685,470,6.8146,6.8146,0.5342,0.3672
1094,0,11,189,37,469,1,0.5685,470,6.8146,6.8146,0.5342,0.3672
1095,0,11,189,37,469,1,0.5685,470,6.8146,6.8146,0.5342,0.3672
1096,0,11,189,37,469,1,0.5685,470,6.8146,6.8146,0.5342,0.3672
1097,0,11,189,37,469,1,0.5685,470,6.8146,6.8146,0.5342,0.3672
1098,0,11,189,37,469,1,0.5685,470,6.8146,6.8146,0.5342,0.3672
1099,0,11,189,37,469,1,0.5685,470,6.8146,6.8146,0.5342,0.3672
1100,0,4,3,16,489,8,4.1799,497,18.8474,4.5091,0.6452,0.5368
1101,0,4,3,16,489,8,4.1799,497,18.8474,4.5091,0.6452,0.5368
1102,0,4,3,16,489,8,4.1799,497,18.8474,4.5091,0.6452,0.5368
1103,0,4,3,16,489,8,4.1799,497,18.8474,4.5091,0.6452,0.5368
1104,0,4,3,16,489,8,4.1799,497,18.8474,4.5091,0.6452,0.5368
1105,0,4,3,16,489,8,4.1799,497,18.8474,4.5091,0.6452,0.5368
1106,0,4,3,16,489,8,4.1799,497,18.8474,4.5091,0.6452,0.5368
1107,0,6,189,49,505,12,6.0682,517,25.4041,4.1864,0.6599,0.5607
1108,0,6,189,49,505,12,6.0682,517,25.4041,4.1864,0.6599,0.5607
1109,0,6,189,49,505,12,6.0682,517,25.4041,4.1864,0.6599,0.5607
1110,0,6,189,49,505,12,6.0682,517,25.4041,4.1864,0.6599,0.5607
1111,0,6,189,49,505,12,6.0682,517,25.4041,4.1864,0.6599,0.5607
1112,0,6,189,49,505,12,6.0682,517,25.4041,4.1864,0.6599,0.5607
1113,0,6,189,49,505,12,6.0682,517,25.4041,4.1864,0.6599,0.5607
1114,0,8,144,36,491,5,2.2695,496,13.0304,5.7416,0.587,0.4446
1115,0,8,144,36,491,5,2.2695,496,13.0304,5.7416,0.587,0.4446
1116,0,8,144,36,491,5,2.2695,496,13.0304,5.7416,0.587,0.4446
1117,0,8,144,36,491,5,2.2695,496,13.0304,5.7416,0.587,0.4446
1118,0,8,144,36,491,5,2.2695,496,13.0304,5.7416,0.587,0.4446
1119,0,8,144,36,491,5,2.2695,496,13.0304,5.7416,0.587,0.4446
1120,0,8,144,36,491,5,2.2695,496,13.0304,5.7416,0.587,0.4446
1121,0,11,177,37,486,2,0.7517,488,7.9281,7.9281,0.4786,0.29350000000000004
1122,0,11,177,37,486,2,0.7517,488,7.9281,7.9281,0.4786,0.29350000000000004
1123,0,11,177,37,486,2,0.7517,488,7.9281,7.9281,0.4786,0.29350000000000004
1124,0,11,177,37,486,2,0.7517,488,7.9281,7.9281,0.4786,0.29350000000000004
1125,0,11,177,37,486,2,0.7517,488,7.9281,7.9281,0.4786,0.29350000000000004
1126,0,11,177,37,486,2,0.7517,488,7.9281,7.9281,0.4786,0.29350000000000004
1127,0,11,177,37,486,2,0.7517,488,7.9281,7.9281,0.4786,0.29350000000000004
1128,0,12,78,97,499,3,1.4073,502,9.9012,7.0357,0.5232,0.3519
1129,0,12,78,97,499,3,1.4073,502,9.9012,7.0357,0.5232,0.3519
1130,0,12,78,97,499,3,1.4073,502,9.9012,7.0357,0.5232,0.3519
1131,0,12,78,97,499,3,1.4073,502,9.9012,7.0357,0.5232,0.3519
1132,0,12,78,97,499,3,1.4073,502,9.9012,7.0357,0.5232,0.3519
1133,0,12,78,97,499,3,1.4073,502,9.9012,7.0357,0.5232,0.3519
1134,0,12,78,97,499,3,1.4073,502,9.9012,7.0357,0.5232,0.3519
1135,0,3,751,3,538,11,5.7068,549,23.9664,4.1996,0.6593,0.5597
1136,0,3,751,3,538,11,5.7068,549,23.9664,4.1996,0.6593,0.5597
1137,0,3,751,3,538,11,5.7068,549,23.9664,4.1996,0.6593,0.5597
1138,0,3,751,3,538,11,5.7068,549,23.9664,4.1996,0.6593,0.5597
1139,0,3,751,3,538,11,5.7068,549,23.9664,4.1996,0.6593,0.5597
1140,0,3,751,3,538,11,5.7068,549,23.9664,4.1996,0.6593,0.5597
1141,0,3,751,3,538,11,5.7068,549,23.9664,4.1996,0.6593,0.5597
1142,0,4,100,16,516,10,5.2061,526,22.2751,4.2787,0.6557000000000001,0.5539000000000001
1143,0,4,100,16,516,10,5.2061,526,22.2751,4.2787,0.6557000000000001,0.5539000000000001
1144,0,4,100,16,516,10,5.2061,526,22.2751,4.2787,0.6557000000000001,0.5539000000000001
1145,0,4,100,16,516,10,5.2061,526,22.2751,4.2787,0.6557000000000001,0.5539000000000001
1146,0,4,100,16,516,10,5.2061,526,22.2751,4.2787,0.6557000000000001,0.5539000000000001
1147,0,4,100,16,516,10,5.2061,526,22.2751,4.2787,0.6557000000000001,0.5539000000000001
1148,0,4,100,16,516,10,5.2061,526,22.2751,4.2787,0.6557000000000001,0.5539000000000001
1149,0,6,80,49,516,11,5.5902,527,23.7541,4.2493,0.657,0.5561
1150,0,6,80,49,516,11,5.5902,527,23.7541,4.2493,0.657,0.5561
1151,0,6,80,49,516,11,5.5902,527,23.7541,4.2493,0.657,0.5561
1152,0,6,80,49,516,11,5.5902,527,23.7541,4.2493,0.657,0.5561
1153,0,6,80,49,516,11,5.5902,527,23.7541,4.2493,0.657,0.5561
1154,0,6,80,49,516,11,5.5902,527,23.7541,4.2493,0.657,0.5561
1155,0,6,80,49,516,11,5.5902,527,23.7541,4.2493,0.657,0.5561
1156,0,8,230,36,520,14,7.1189,534,28.8764,4.0563,0.6657000000000001,0.5703
1157,0,8,230,36,520,14,7.1189,534,28.8764,4.0563,0.6657000000000001,0.5703
1158,0,8,230,36,520,14,7.1189,534,28.8764,4.0563,0.6657000000000001,0.5703
1159,0,8,230,36,520,14,7.1189,534,28.8764,4.0563,0.6657000000000001,0.5703
1160,0,8,230,36,520,14,7.1189,534,28.8764,4.0563,0.6657000000000001,0.5703
1161,0,8,230,36,520,14,7.1189,534,28.8764,4.0563,0.6657000000000001,0.5703
1162,0,8,230,36,520,14,7.1189,534,28.8764,4.0563,0.6657000000000001,0.5703
1163,0,12,182,97,514,9,4.3764,523,19.985,4.5666,0.6426000000000001,0.5325
1164,0,12,182,97,514,9,4.3764,523,19.985,4.5666,0.6426000000000001,0.5325
1165,0,12,182,97,514,9,4.3764,523,19.985,4.5666,0.6426000000000001,0.5325
1166,0,12,182,97,514,9,4.3764,523,19.985,4.5666,0.6426000000000001,0.5325
1167,0,12,182,97,514,9,4.3764,523,19.985,4.5666,0.6426000000000001,0.5325
1168,0,12,182,97,514,9,4.3764,523,19.985,4.5666,0.6426000000000001,0.5325
1169,0,12,182,97,514,9,4.3764,523,19.985,4.5666,0.6426000000000001,0.5325
1170,0,1,18,51,553,5,2.2907,558,13.0691,5.7052,0.5888,0.44730000000000003
1171,0,1,18,51,553,5,2.2907,558,13.0691,5.7052,0.5888,0.44730000000000003
1172,0,1,18,51,553,5,2.2907,558,13.0691,5.7052,0.5888,0.44730000000000003
1173,0,1,18,51,553,5,2.2907,558,13.0691,5.7052,0.5888,0.44730000000000003
1174,0,1,18,51,553,5,2.2907,558,13.0691,5.7052,0.5888,0.44730000000000003
1175,0,1,18,51,553,5,2.2907,558,13.0691,5.7052,0.5888,0.44730000000000003
1176,0,1,18,51,553,5,2.2907,558,13.0691,5.7052,0.5888,0.44730000000000003
1177,0,4,37,16,553,8,3.8652,561,18.2747,4.728,0.6352,0.5204
1178,0,4,37,16,553,8,3.8652,561,18.2747,4.728,0.6352,0.5204
1179,0,4,37,16,553,8,3.8652,561,18.2747,4.728,0.6352,0.5204
1180,0,4,37,16,553,8,3.8652,561,18.2747,4.728,0.6352,0.5204
1181,0,4,37,16,553,8,3.8652,561,18.2747,4.728,0.6352,0.5204
1182,0,4,37,16,553,8,3.8652,561,18.2747,4.728,0.6352,0.5204
1183,0,4,37,16,553,8,3.8652,561,18.2747,4.728,0.6352,0.5204
1184,0,6,784,49,561,2,0.9344,563,8.2607,8.2607,0.462,0.2732
1185,0,6,784,49,561,2,0.9344,563,8.2607,8.2607,0.462,0.2732
1186,0,6,784,49,561,2,0.9344,563,8.2607,8.2607,0.462,0.2732
1187,0,6,784,49,561,2,0.9344,563,8.2607,8.2607,0.462,0.2732
1188,0,6,784,49,561,2,0.9344,563,8.2607,8.2607,0.462,0.2732
1189,0,6,784,49,561,2,0.9344,563,8.2607,8.2607,0.462,0.2732
1190,0,6,784,49,561,2,0.9344,563,8.2607,8.2607,0.462,0.2732
1191,0,13,99,52,558,14,6.8875,572,28.4552,4.1314,0.6623,0.5648000000000001
1192,0,13,99,52,558,14,6.8875,572,28.4552,4.1314,0.6623,0.5648000000000001
1193,0,13,99,52,558,14,6.8875,572,28.4552,4.1314,0.6623,0.5648000000000001
1194,0,13,99,52,558,14,6.8875,572,28.4552,4.1314,0.6623,0.5648000000000001
1195,0,13,99,52,558,14,6.8875,572,28.4552,4.1314,0.6623,0.5648000000000001
1196,0,13,99,52,558,14,6.8875,572,28.4552,4.1314,0.6623,0.5648000000000001
1197,0,13,99,52,558,14,6.8875,572,28.4552,4.1314,0.6623,0.5648000000000001
1198,0,4,182,16,580,9,4.5709,589,20.339,4.4497,0.648,0.5412
1199,0,4,182,16,580,9,4.5709,589,20.339,4.4497,0.648,0.5412
1200,0,4,182,16,580,9,4.5709,589,20.339,4.4497,0.648,0.5412
1201,0,4,182,16,580,9,4.5709,589,20.339,4.4497,0.648,0.5412
1202,0,4,182,16,580,9,4.5709,589,20.339,4.4497,0.648,0.5412
1203,0,4,182,16,580,9,4.5709,589,20.339,4.4497,0.648,0.5412
1204,0,4,182,16,580,9,4.5709,589,20.339,4.4497,0.648,0.5412
1205,0,9,202,42,617,13,6.6714,630,27.2819,4.0894,0.6642,0.5679000000000001
1206,0,9,202,42,617,13,6.6714,630,27.2819,4.0894,0.6642,0.5679000000000001
1207,0,9,202,42,617,13,6.6714,630,27.2819,4.0894,0.6642,0.5679000000000001
1208,0,9,202,42,617,13,6.6714,630,27.2819,4.0894,0.6642,0.5679000000000001
1209,0,9,202,42,617,13,6.6714,630,27.2819,4.0894,0.6642,0.5679000000000001
1210,0,9,202,42,617,13,6.6714,630,27.2819,4.0894,0.6642,0.5679000000000001
1211,0,9,202,42,617,13,6.6714,630,27.2819,4.0894,0.6642,0.5679000000000001
1212,0,13,984,52,873,17,8.3465,890,33.4506,4.0077,0.6678000000000001,0.5739000000000001
1213,0,13,984,52,873,17,8.3465,890,33.4506,4.0077,0.6678000000000001,0.5739000000000001
1214,0,13,984,52,873,17,8.3465,890,33.4506,4.0077,0.6678000000000001,0.5739000000000001
1215,0,13,984,52,873,17,8.3465,890,33.4506,4.0077,0.6678000000000001,0.5739000000000001
1216,0,13,984,52,873,17,8.3465,890,33.4506,4.0077,0.6678000000000001,0.5739000000000001
1217,0,13,984,52,873,17,8.3465,890,33.4506,4.0077,0.6678000000000001,0.5739000000000001
1218,0,13,984,52,873,17,8.3465,890,33.4506,4.0077,0.6678000000000001,0.5739000000000001
1219,0,8,905,69,910,17,8.4484,927,33.636,3.9814,0.669,0.5758
1220,0,8,905,69,910,17,8.4484,927,33.636,3.9814,0.669,0.5758
1221,0,8,905,69,910,17,8.4484,927,33.636,3.9814,0.669,0.5758
1222,0,8,905,69,910,17,8.4484,927,33.636,3.9814,0.669,0.5758
1223,0,8,905,69,910,17,8.4484,927,33.636,3.9814,0.669,0.5758
1224,0,8,905,69,910,17,8.4484,927,33.636,3.9814,0.669,0.5758
1225,0,8,905,69,910,17,8.4484,927,33.636,3.9814,0.669,0.5758
1226,0,2,869,63,931,12,6.0013,943,25.2823,4.2128,0.6587000000000001,0.5588000000000001
1227,0,2,869,63,931,12,6.0013,943,25.2823,4.2128,0.6587000000000001,0.5588000000000001
1228,0,2,869,63,931,12,6.0013,943,25.2823,4.2128,0.6587000000000001,0.5588000000000001
1229,0,2,869,63,931,12,6.0013,943,25.2823,4.2128,0.6587000000000001,0.5588000000000001
1230,0,2,869,63,931,12,6.0013,943,25.2823,4.2128,0.6587000000000001,0.5588000000000001
1231,0,2,869,63,931,12,6.0013,943,25.2823,4.2128,0.6587000000000001,0.5588000000000001
1232,0,2,869,63,931,12,6.0013,943,25.2823,4.2128,0.6587000000000001,0.5588000000000001
1233,0,3,991,27,945,15,7.5292,960,30.4031,4.038,0.6665,0.5717
1234,0,3,991,27,945,15,7.5292,960,30.4031,4.038,0.6665,0.5717
1235,0,3,991,27,945,15,7.5292,960,30.4031,4.038,0.6665,0.5717
1236,0,3,991,27,945,15,7.5292,960,30.4031,4.038,0.6665,0.5717
1237,0,3,991,27,945,15,7.5292,960,30.4031,4.038,0.6665,0.5717
1238,0,3,991,27,945,15,7.5292,960,30.4031,4.038,0.6665,0.5717
1239,0,3,991,27,945,15,7.5292,960,30.4031,4.038,0.6665,0.5717
1240,0,11,753,37,1020,16,7.7561,1036,31.5961,4.0737,0.6649,0.5690000000000001
1241,0,11,753,37,1020,16,7.7561,1036,31.5961,4.0737,0.6649,0.5690000000000001
1242,0,11,753,37,1020,16,7.7561,1036,31.5961,4.0737,0.6649,0.5690000000000001
1243,0,11,753,37,1020,16,7.7561,1036,31.5961,4.0737,0.6649,0.5690000000000001
1244,0,11,753,37,1020,16,7.7561,1036,31.5961,4.0737,0.6649,0.5690000000000001
1245,0,11,753,37,1020,16,7.7561,1036,31.5961,4.0737,0.6649,0.5690000000000001
1246,0,11,753,37,1020,16,7.7561,1036,31.5961,4.0737,0.6649,0.5690000000000001
1247,0,11,390,37,1054,13,6.556,1067,27.0718,4.1294,0.6624,0.5649000000000001
1248,0,11,390,37,1054,13,6.556,1067,27.0718,4.1294,0.6624,0.5649000000000001
1249,0,11,390,37,1054,13,6.556,1067,27.0718,4.1294,0.6624,0.5649000000000001
1250,0,11,390,37,1054,13,6.556,1067,27.0718,4.1294,0.6624,0.5649000000000001
1251,0,11,390,37,1054,13,6.556,1067,27.0718,4.1294,0.6624,0.5649000000000001
1252,0,11,390,37,1054,13,6.556,1067,27.0718,4.1294,0.6624,0.5649000000000001
1253,0,11,390,37,1054,13,6.556,1067,27.0718,4.1294,0.6624,0.5649000000000001
1254,0,11,265,37,1095,10,5.221,1105,22.3022,4.2716,0.656,0.5544
1255,0,11,265,37,1095,10,5.221,1105,22.3022,4.2716,0.656,0.5544
1256,0,11,265,37,1095,10,5.221,1105,22.3022,4.2716,0.656,0.5544
1257,0,11,265,37,1095,10,5.221,1105,22.3022,4.2716,0.656,0.5544
1258,0,11,265,37,1095,10,5.221,1105,22.3022,4.2716,0.656,0.5544
1259,0,11,265,37,1095,10,5.221,1105,22.3022,4.2716,0.656,0.5544
1260,0,11,265,37,1095,10,5.221,1105,22.3022,4.2716,0.656,0.5544
1261,0,11,367,37,1138,12,5.8421,1150,24.9926,4.278,0.6557000000000001,0.5539000000000001
1262,0,11,367,37,1138,12,5.8421,1150,24.9926,4.278,0.6557000000000001,0.5539000000000001
1263,0,11,367,37,1138,12,5.8421,1150,24.9926,4.278,0.6557000000000001,0.5539000000000001
1264,0,11,367,37,1138,12,5.8421,1150,24.9926,4.278,0.6557000000000001,0.5539000000000001
1265,0,11,367,37,1138,12,5.8421,1150,24.9926,4.278,0.6557000000000001,0.5539000000000001
1266,0,11,367,37,1138,12,5.8421,1150,24.9926,4.278,0.6557000000000001,0.5539000000000001
1267,0,11,367,37,1138,12,5.8421,1150,24.9926,4.278,0.6557000000000001,0.5539000000000001
1268,0,11,379,37,1158,17,8.4901,1175,33.712,3.9707,0.6695,0.5766
1269,0,11,379,37,1158,17,8.4901,1175,33.712,3.9707,0.6695,0.5766
1270,0,11,379,37,1158,17,8.4901,1175,33.712,3.9707,0.6695,0.5766
1271,0,11,379,37,1158,17,8.4901,1175,33.712,3.9707,0.6695,0.5766
1272,0,11,379,37,1158,17,8.4901,1175,33.712,3.9707,0.6695,0.5766
1273,0,11,379,37,1158,17,8.4901,1175,33.712,3.9707,0.6695,0.5766
1274,0,11,379,37,1158,17,8.4901,1175,33.712,3.9707,0.6695,0.5766
1275,0,4,395,86,1257,6,3.1883,1263,15.4826,4.8561,0.6292,0.5108
1276,0,4,395,86,1257,6,3.1883,1263,15.4826,4.8561,0.6292,0.5108
1277,0,4,395,86,1257,6,3.1883,1263,15.4826,4.8561,0.6292,0.5108
1278,0,4,395,86,1257,6,3.1883,1263,15.4826,4.8561,0.6292,0.5108
1279,0,4,395,86,1257,6,3.1883,1263,15.4826,4.8561,0.6292,0.5108
1280,0,4,395,86,1257,6,3.1883,1263,15.4826,4.8561,0.6292,0.5108
1281,0,4,395,86,1257,6,3.1883,1263,15.4826,4.8561,0.6292,0.5108
1282,0,6,711,35,1242,13,6.3185,1255,26.6397,4.2161,0.6585000000000001,0.5585
1283,0,6,711,35,1242,13,6.3185,1255,26.6397,4.2161,0.6585000000000001,0.5585
1284,0,6,711,35,1242,13,6.3185,1255,26.6397,4.2161,0.6585000000000001,0.5585
1285,0,6,711,35,1242,13,6.3185,1255,26.6397,4.2161,0.6585000000000001,0.5585
1286,0,6,711,35,1242,13,6.3185,1255,26.6397,4.2161,0.6585000000000001,0.5585
1287,0,6,711,35,1242,13,6.3185,1255,26.6397,4.2161,0.6585000000000001,0.5585
1288,0,6,711,35,1242,13,6.3185,1255,26.6397,4.2161,0.6585000000000001,0.5585
1289,0,11,740,37,1237,8,3.9831,1245,18.4893,4.6419,0.6391,0.5268
1290,0,11,740,37,1237,8,3.9831,1245,18.4893,4.6419,0.6391,0.5268
1291,0,11,740,37,1237,8,3.9831,1245,18.4893,4.6419,0.6391,0.5268
1292,0,11,740,37,1237,8,3.9831,1245,18.4893,4.6419,0.6391,0.5268
1293,0,11,740,37,1237,8,3.9831,1245,18.4893,4.6419,0.6391,0.5268
1294,0,11,740,37,1237,8,3.9831,1245,18.4893,4.6419,0.6391,0.5268
1295,0,11,740,37,1237,8,3.9831,1245,18.4893,4.6419,0.6391,0.5268
1296,0,4,667,86,1280,19,9.688,1299,37.4522,3.8658,0.6741,0.5843
1297,0,4,667,86,1280,19,9.688,1299,37.4522,3.8658,0.6741,0.5843
1298,0,4,667,86,1280,19,9.688,1299,37.4522,3.8658,0.6741,0.5843
1299,0,4,667,86,1280,19,9.688,1299,37.4522,3.8658,0.6741,0.5843
1300,0,4,667,86,1280,19,9.688,1299,37.4522,3.8658,0.6741,0.5843
1301,0,4,667,86,1280,19,9.688,1299,37.4522,3.8658,0.6741,0.5843
1302,0,4,667,86,1280,19,9.688,1299,37.4522,3.8658,0.6741,0.5843
1303,0,6,901,35,1266,10,4.9022,1276,21.7219,4.4311,0.6488,0.5426
1304,0,6,901,35,1266,10,4.9022,1276,21.7219,4.4311,0.6488,0.5426
1305,0,6,901,35,1266,10,4.9022,1276,21.7219,4.4311,0.6488,0.5426
1306,0,6,901,35,1266,10,4.9022,1276,21.7219,4.4311,0.6488,0.5426
1307,0,6,901,35,1266,10,4.9022,1276,21.7219,4.4311,0.6488,0.5426
1308,0,6,901,35,1266,10,4.9022,1276,21.7219,4.4311,0.6488,0.5426
1309,0,6,901,35,1266,10,4.9022,1276,21.7219,4.4311,0.6488,0.5426
1310,0,11,728,37,1284,10,5.0166,1294,21.9302,4.3715,0.6515000000000001,0.547
1311,0,11,728,37,1284,10,5.0166,1294,21.9302,4.3715,0.6515000000000001,0.547
1312,0,11,728,37,1284,10,5.0166,1294,21.9302,4.3715,0.6515000000000001,0.547
1313,0,11,728,37,1284,10,5.0166,1294,21.9302,4.3715,0.6515000000000001,0.547
1314,0,11,728,37,1284,10,5.0166,1294,21.9302,4.3715,0.6515000000000001,0.547
1315,0,11,728,37,1284,10,5.0166,1294,21.9302,4.3715,0.6515000000000001,0.547
1316,0,11,728,37,1284,10,5.0166,1294,21.9302,4.3715,0.6515000000000001,0.547
1317,0,4,672,86,1318,19,9.4811,1337,37.0755,3.9105,0.6721,0.581
1318,0,4,672,86,1318,19,9.4811,1337,37.0755,3.9105,0.6721,0.581
1319,0,4,672,86,1318,19,9.4811,1337,37.0755,3.9105,0.6721,0.581
1320,0,4,672,86,1318,19,9.4811,1337,37.0755,3.9105,0.6721,0.581
1321,0,4,672,86,1318,19,9.4811,1337,37.0755,3.9105,0.6721,0.581
1322,0,4,672,86,1318,19,9.4811,1337,37.0755,3.9105,0.6721,0.581
1323,0,4,672,86,1318,19,9.4811,1337,37.0755,3.9105,0.6721,0.581
1324,0,6,567,35,1316,4,2.0763,1320,11.8989,5.7307,0.5876,0.4454
1325,0,6,567,35,1316,4,2.0763,1320,11.8989,5.7307,0.5876,0.4454
1326,0,6,567,35,1316,4,2.0763,1320,11.8989,5.7307,0.5876,0.4454
1327,0,6,567,35,1316,4,2.0763,1320,11.8989,5.7307,0.5876,0.4454
1328,0,6,567,35,1316,4,2.0763,1320,11.8989,5.7307,0.5876,0.4454
1329,0,6,567,35,1316,4,2.0763,1320,11.8989,5.7307,0.5876,0.4454
1330,0,6,567,35,1316,4,2.0763,1320,11.8989,5.7307,0.5876,0.4454
1331,0,6,727,35,1320,7,3.4178,1327,16.6805,4.8804,0.6281,0.509
1332,0,6,727,35,1320,7,3.4178,1327,16.6805,4.8804,0.6281,0.509
1333,0,6,727,35,1320,7,3.4178,1327,16.6805,4.8804,0.6281,0.509
1334,0,6,727,35,1320,7,3.4178,1327,16.6805,4.8804,0.6281,0.509
1335,0,6,727,35,1320,7,3.4178,1327,16.6805,4.8804,0.6281,0.509
1336,0,6,727,35,1320,7,3.4178,1327,16.6805,4.8804,0.6281,0.509
1337,0,6,727,35,1320,7,3.4178,1327,16.6805,4.8804,0.6281,0.509
1338,0,11,840,37,1345,16,8.1899,1361,32.3857,3.9543,0.6702,0.5778
1339,0,11,840,37,1345,16,8.1899,1361,32.3857,3.9543,0.6702,0.5778
1340,0,11,840,37,1345,16,8.1899,1361,32.3857,3.9543,0.6702,0.5778
1341,0,11,840,37,1345,16,8.1899,1361,32.3857,3.9543,0.6702,0.5778
1342,0,11,840,37,1345,16,8.1899,1361,32.3857,3.9543,0.6702,0.5778
1343,0,11,840,37,1345,16,8.1899,1361,32.3857,3.9543,0.6702,0.5778
1344,0,11,840,37,1345,16,8.1899,1361,32.3857,3.9543,0.6702,0.5778
1345,0,13,514,18,1333,14,6.8795,1347,28.4408,4.1341,0.6622,0.5646
1346,0,13,514,18,1333,14,6.8795,1347,28.4408,4.1341,0.6622,0.5646
1347,0,13,514,18,1333,14,6.8795,1347,28.4408,4.1341,0.6622,0.5646
1348,0,13,514,18,1333,14,6.8795,1347,28.4408,4.1341,0.6622,0.5646
1349,0,13,514,18,1333,14,6.8795,1347,28.4408,4.1341,0.6622,0.5646
1350,0,13,514,18,1333,14,6.8795,1347,28.4408,4.1341,0.6622,0.5646
1351,0,13,514,18,1333,14,6.8795,1347,28.4408,4.1341,0.6622,0.5646
1352,0,13,645,18,1350,5,2.5988,1355,13.6299,5.2446,0.6109,0.4817
1353,0,13,645,18,1350,5,2.5988,1355,13.6299,5.2446,0.6109,0.4817
1354,0,13,645,18,1350,5,2.5988,1355,13.6299,5.2446,0.6109,0.4817
1355,0,13,645,18,1350,5,2.5988,1355,13.6299,5.2446,0.6109,0.4817
1356,0,13,645,18,1350,5,2.5988,1355,13.6299,5.2446,0.6109,0.4817
1357,0,13,645,18,1350,5,2.5988,1355,13.6299,5.2446,0.6109,0.4817
1358,0,13,645,18,1350,5,2.5988,1355,13.6299,5.2446,0.6109,0.4817
1359,0,3,652,27,1380,16,7.7681000000000004,1396,31.6179,4.0702,0.6651,0.5693
1360,0,3,652,27,1380,16,7.7681000000000004,1396,31.6179,4.0702,0.6651,0.5693
1361,0,3,652,27,1380,16,7.7681000000000004,1396,31.6179,4.0702,0.6651,0.5693
1362,0,3,652,27,1380,16,7.7681000000000004,1396,31.6179,4.0702,0.6651,0.5693
1363,0,3,652,27,1380,16,7.7681000000000004,1396,31.6179,4.0702,0.6651,0.5693
1364,0,3,652,27,1380,16,7.7681000000000004,1396,31.6179,4.0702,0.6651,0.5693
1365,0,3,652,27,1380,16,7.7681000000000004,1396,31.6179,4.0702,0.6651,0.5693
1366,0,11,623,37,1382,14,7.1601,1396,28.9514,4.0434,0.6663,0.5713
1367,0,11,623,37,1382,14,7.1601,1396,28.9514,4.0434,0.6663,0.5713
1368,0,11,623,37,1382,14,7.1601,1396,28.9514,4.0434,0.6663,0.5713
1369,0,11,623,37,1382,14,7.1601,1396,28.9514,4.0434,0.6663,0.5713
1370,0,11,623,37,1382,14,7.1601,1396,28.9514,4.0434,0.6663,0.5713
1371,0,11,623,37,1382,14,7.1601,1396,28.9514,4.0434,0.6663,0.5713
1372,0,11,623,37,1382,14,7.1601,1396,28.9514,4.0434,0.6663,0.5713
1373,0,13,579,18,1398,9,4.3385,1407,19.916,4.5906,0.6415000000000001,0.5307000000000001
1374,0,13,579,18,1398,9,4.3385,1407,19.916,4.5906,0.6415000000000001,0.5307000000000001
1375,0,13,579,18,1398,9,4.3385,1407,19.916,4.5906,0.6415000000000001,0.5307000000000001
1376,0,13,579,18,1398,9,4.3385,1407,19.916,4.5906,0.6415000000000001,0.5307000000000001
1377,0,13,579,18,1398,9,4.3385,1407,19.916,4.5906,0.6415000000000001,0.5307000000000001
1378,0,13,579,18,1398,9,4.3385,1407,19.916,4.5906,0.6415000000000001,0.5307000000000001
1379,0,13,579,18,1398,9,4.3385,1407,19.916,4.5906,0.6415000000000001,0.5307000000000001
1380,0,13,506,18,1416,11,5.6599,1427,23.8811,4.2193,0.6584,0.5583
1381,0,13,506,18,1416,11,5.6599,1427,23.8811,4.2193,0.6584,0.5583
1382,0,13,506,18,1416,11,5.6599,1427,23.8811,4.2193,0.6584,0.5583
1383,0,13,506,18,1416,11,5.6599,1427,23.8811,4.2193,0.6584,0.5583
1384,0,13,506,18,1416,11,5.6599,1427,23.8811,4.2193,0.6584,0.5583
1385,0,13,506,18,1416,11,5.6599,1427,23.8811,4.2193,0.6584,0.5583
1386,0,13,506,18,1416,11,5.6599,1427,23.8811,4.2193,0.6584,0.5583
